order_id,customer_id,product_id,quantity,unit_price,total_price,order_date,shipping_address,payment_method,status
1,378,7,63,952.43,3286.64,5/4/2020,11 Johnson Crossing,PayPal,Shipped
2,234,4,27,897.89,6868.91,4/21/2022,04 Lerdahl Crossing,Credit Card,Shipped
3,454,89,71,537.07,4035.68,8/29/2020,74701 Declaration Street,Credit Card,Pending
4,401,60,18,399.4,1055.6,11/4/2022,9 Morning Point,Cash,Pending
5,256,20,12,227.29,4651.24,12/21/2021,690 Karstens Terrace,Credit Card,Delivered
6,410,82,70,183.71,5383.45,2/9/2022,393 Texas Trail,PayPal,Delivered
7,36,81,30,677.13,2629.2,3/20/2022,06055 Oriole Road,PayPal,Shipped
8,228,8,92,93.16,6990.2,5/6/2022,091 Schmedeman Lane,Cash,Delivered
9,371,38,24,715.39,9551.04,12/21/2021,2 Golf Course Hill,PayPal,Delivered
10,127,33,96,986.35,3314.52,12/15/2022,3527 Sutteridge Street,Credit Card,Shipped
11,213,2,31,422.69,7393.49,5/24/2022,60 American Drive,Cash,Shipped
12,200,33,31,623.34,8527.77,9/12/2020,432 Shopko Road,Cash,Pending
13,43,10,71,93.37,8163.88,8/6/2021,9 Dryden Trail,Credit Card,Shipped
14,500,73,75,882.41,2857.47,2/15/2022,07402 Vermont Road,PayPal,Shipped
15,56,70,20,232.51,6719.7,9/21/2021,009 Quincy Terrace,Credit Card,Delivered
16,185,48,10,248.19,8159.57,7/27/2022,2 Briar Crest Pass,PayPal,Shipped
17,336,45,35,433.25,4995.65,8/1/2022,4 Moose Alley,PayPal,Pending
18,422,71,21,76.69,9721.25,9/10/2020,5 7th Lane,Cash,Shipped
19,44,13,94,183.64,6106.05,8/17/2021,231 Colorado Drive,Credit Card,Delivered
20,188,54,9,640.55,4890.92,8/20/2021,6 Golf Way,Credit Card,Delivered
21,239,43,27,249.4,7594.29,10/2/2022,44 La Follette Plaza,PayPal,Delivered
22,447,44,88,33.56,4878.89,9/10/2022,54 Maryland Center,Credit Card,Shipped
23,294,94,14,311.08,3426.6,10/13/2022,86310 Truax Way,Credit Card,Pending
24,189,36,1,891.44,3379.08,2/25/2022,42657 Elgar Circle,Cash,Delivered
25,223,83,100,868.53,4549.26,4/2/2020,1 Fallview Crossing,Credit Card,Shipped
26,181,100,89,751.55,6726.65,8/18/2022,0 Main Junction,Credit Card,Delivered
27,296,73,72,758.08,1777.34,12/24/2020,2 Bunker Hill Way,Cash,Shipped
28,16,92,40,685.7,820.85,4/24/2020,091 Fairfield Junction,Credit Card,Shipped
29,84,1,64,478.8,1058.79,4/24/2021,665 Talisman Alley,Cash,Shipped
30,116,70,22,26.88,8814.85,11/28/2020,8367 Northview Point,Cash,Delivered
31,388,74,92,126.98,2869.84,8/25/2022,9 Hudson Pass,Cash,Pending
32,81,22,65,471.25,9332.64,1/21/2022,009 Shoshone Way,Credit Card,Shipped
33,317,44,4,772.67,7800.5,1/11/2020,94382 Center Plaza,PayPal,Shipped
34,96,92,10,529.32,7055.46,3/30/2022,383 Drewry Lane,PayPal,Pending
35,177,2,71,808.48,2720.8,8/31/2022,93 Fisk Trail,Cash,Delivered
36,263,36,37,262.28,7927.14,1/16/2022,2 Karstens Point,Cash,Pending
37,238,5,27,222.44,7387.54,9/11/2020,66 Beilfuss Way,Cash,Delivered
38,220,34,97,723.41,2996.66,9/26/2022,7134 Sheridan Pass,Cash,Shipped
39,477,100,26,972.41,5178.54,7/7/2020,627 Manufacturers Center,Credit Card,Delivered
40,99,56,24,818.84,3947.35,1/8/2020,6 Starling Center,PayPal,Shipped
41,330,57,73,599.15,6419.99,4/20/2020,08 Ohio Terrace,PayPal,Shipped
42,87,32,48,538.57,3481.9,10/5/2021,82224 Hooker Park,Credit Card,Shipped
43,395,3,86,215.59,4237.87,6/11/2021,86 Marquette Place,PayPal,Pending
44,369,36,80,232.41,711.82,11/15/2020,4 Gateway Avenue,Cash,Shipped
45,202,62,27,883.55,4267.99,4/29/2021,239 Eliot Park,PayPal,Delivered
46,417,26,37,532.99,6538.9,1/1/2022,12922 Meadow Ridge Drive,Credit Card,Delivered
47,99,91,92,447.44,7592.37,5/22/2022,78506 Anthes Pass,Credit Card,Delivered
48,239,62,31,912.94,8241.68,4/29/2022,0 Mayfield Drive,Cash,Shipped
49,487,73,61,4.42,9818.42,7/19/2020,576 Rigney Alley,Cash,Shipped
50,8,50,42,594.27,8305.44,4/8/2021,65 Gateway Center,PayPal,Delivered
51,300,47,26,561.97,4653.88,12/6/2020,21971 Rockefeller Parkway,Cash,Delivered
52,32,71,73,601.73,9014.91,10/9/2022,7 Melvin Hill,Cash,Delivered
53,159,72,98,515.67,3920.31,7/5/2020,58 5th Crossing,Cash,Delivered
54,284,4,71,934.55,1397.99,6/6/2022,5406 Mandrake Drive,Cash,Delivered
55,427,3,75,833.64,4661.22,3/12/2022,14 Morrow Parkway,Credit Card,Shipped
56,77,10,97,659.14,7515.6,8/25/2020,91546 Mesta Center,Cash,Pending
57,191,24,96,248.5,6801.02,8/4/2021,552 Stuart Terrace,Cash,Shipped
58,95,17,83,881.99,6552.65,3/18/2020,407 Buena Vista Plaza,Cash,Shipped
59,295,99,68,901.23,5390.54,7/15/2021,3 Fuller Place,PayPal,Delivered
60,413,46,63,841.43,212.94,12/1/2020,6889 Cambridge Plaza,PayPal,Pending
61,330,42,51,175.28,7966.26,2/25/2020,04 Emmet Alley,Credit Card,Delivered
62,225,100,31,577.68,2670.57,8/17/2020,49 Memorial Pass,PayPal,Pending
63,22,70,27,742.56,4572.21,4/4/2021,691 Summer Ridge Lane,Cash,Delivered
64,441,80,15,808.9,6517.12,5/31/2020,98571 8th Terrace,Credit Card,Delivered
65,268,18,8,47.42,201.99,8/15/2021,53 Hauk Junction,Credit Card,Pending
66,467,18,53,722.3,2000.81,8/23/2022,30 Bowman Drive,Credit Card,Delivered
67,344,20,35,43.94,1973.03,5/9/2022,827 Veith Alley,Credit Card,Pending
68,288,46,77,606.24,3573.66,9/9/2021,367 Myrtle Junction,Cash,Pending
69,459,25,92,156.04,7934.98,7/25/2022,83 Blackbird Way,Cash,Delivered
70,175,13,10,809.32,2177.17,4/11/2020,0 Corscot Circle,Cash,Shipped
71,458,66,32,986.87,1388.03,1/4/2021,96511 Forest Run Way,Credit Card,Pending
72,270,98,100,560.66,3554.24,3/20/2021,96410 Bonner Pass,PayPal,Delivered
73,276,75,79,960.35,6202.56,7/16/2021,4049 Summit Parkway,PayPal,Pending
74,129,9,77,715.11,7788.57,2/1/2020,5704 Golf Park,Cash,Delivered
75,213,61,85,374.85,1350.24,5/25/2020,38 International Road,PayPal,Shipped
76,402,69,69,467.61,8414.86,10/14/2020,883 Loeprich Alley,Cash,Pending
77,262,7,42,116.8,2842.46,3/25/2021,98 Brentwood Lane,Credit Card,Delivered
78,250,62,44,194.85,3988.54,7/18/2021,1589 Anniversary Park,Credit Card,Delivered
79,433,32,10,299.91,9323.03,12/14/2020,997 Pleasure Terrace,Credit Card,Pending
80,393,46,11,860.64,8220.85,6/26/2021,81660 Maywood Way,Credit Card,Delivered
81,53,61,64,578.02,9533.7,10/10/2021,204 Loeprich Park,PayPal,Pending
82,477,61,41,747.62,3201.43,2/6/2021,18516 Linden Pass,Cash,Shipped
83,156,4,25,385.31,2754.56,6/21/2021,11272 Northridge Trail,Credit Card,Pending
84,428,85,27,2.82,331.74,7/21/2022,2866 Corben Crossing,PayPal,Delivered
85,233,18,15,818.81,8214.02,12/26/2022,847 Brickson Park Way,Cash,Shipped
86,426,50,4,294.0,520.49,2/14/2022,6976 North Point,Credit Card,Shipped
87,324,93,77,369.99,6810.91,1/17/2021,467 Mayfield Trail,Cash,Pending
88,2,75,28,421.66,9951.18,12/11/2022,35979 Lakewood Junction,Cash,Shipped
89,448,89,12,73.24,1895.11,8/23/2022,3210 Village Court,Credit Card,Delivered
90,372,84,60,957.08,5254.76,12/24/2021,8899 American Ash Park,PayPal,Shipped
91,31,89,91,109.43,7109.1,8/6/2021,6 Stuart Point,Cash,Delivered
92,122,94,49,136.6,2560.32,10/2/2020,60 Colorado Circle,PayPal,Pending
93,395,6,97,427.93,2769.94,3/28/2022,410 Everett Hill,Credit Card,Delivered
94,396,19,72,485.89,1179.89,8/30/2021,4 Dorton Drive,Credit Card,Shipped
95,203,64,86,670.68,747.23,1/13/2022,20461 Shelley Circle,Credit Card,Pending
96,154,7,59,257.27,1039.01,11/27/2020,361 Gale Court,Cash,Delivered
97,426,7,35,519.85,5072.5,3/19/2020,639 Continental Plaza,Cash,Shipped
98,187,44,71,995.71,2226.3,11/26/2022,41 Eagan Center,Cash,Pending
99,115,83,95,111.49,9280.69,1/14/2022,35631 Cherokee Circle,Credit Card,Delivered
100,50,58,85,422.6,4272.89,6/17/2021,53893 Porter Point,Cash,Delivered
101,75,37,21,884.52,8375.95,1/15/2020,854 Kings Road,PayPal,Delivered
102,91,7,93,240.17,4328.53,2/19/2021,6547 Elmside Plaza,Cash,Shipped
103,312,12,48,271.67,6824.14,7/16/2022,473 Buell Junction,PayPal,Delivered
104,370,100,55,449.76,780.75,7/31/2020,740 Comanche Hill,Cash,Pending
105,142,28,78,958.64,7944.92,8/23/2022,4665 Mccormick Place,PayPal,Shipped
106,383,83,16,931.33,6801.88,3/3/2021,1980 Sage Parkway,Cash,Shipped
107,95,97,85,973.63,3784.38,9/15/2021,06 Colorado Road,PayPal,Delivered
108,252,47,30,826.19,6522.44,8/24/2020,60 Meadow Vale Point,Cash,Shipped
109,189,49,38,388.04,9513.79,9/14/2021,07746 Lake View Parkway,Cash,Pending
110,466,17,5,673.71,1767.8,1/4/2020,20990 Tennyson Crossing,PayPal,Shipped
111,50,50,4,626.15,7152.98,7/18/2020,55 Veith Road,Credit Card,Delivered
112,176,49,50,623.97,1602.75,3/18/2022,41 Tony Park,PayPal,Delivered
113,392,73,96,42.5,4396.17,7/11/2021,05267 Gulseth Lane,Credit Card,Delivered
114,374,84,10,98.7,6146.72,12/25/2022,6 Steensland Lane,Cash,Delivered
115,500,95,30,306.0,4433.8,4/14/2021,73 Barby Road,Credit Card,Shipped
116,493,64,48,15.61,4683.58,5/6/2022,1 Marquette Park,PayPal,Pending
117,93,26,52,228.97,8780.74,10/20/2020,84489 Stoughton Trail,Credit Card,Shipped
118,230,65,57,853.88,8699.44,5/3/2021,361 Aberg Street,Credit Card,Shipped
119,311,19,35,546.41,1754.63,12/12/2021,76357 Doe Crossing Place,PayPal,Delivered
120,309,48,97,208.05,4446.54,2/4/2021,805 Mesta Center,Credit Card,Delivered
121,217,50,47,899.75,6781.54,9/5/2022,44 Transport Center,PayPal,Shipped
122,118,62,19,560.15,1418.45,10/24/2022,01873 Pleasure Street,Cash,Shipped
123,112,53,67,32.19,4899.97,7/16/2021,6968 Thackeray Terrace,PayPal,Pending
124,40,56,38,818.54,842.6,8/9/2022,754 Corscot Terrace,Credit Card,Pending
125,339,66,43,127.33,2042.29,10/19/2021,74 International Place,Credit Card,Delivered
126,499,44,7,604.19,9315.21,12/8/2021,67 Emmet Street,Cash,Pending
127,278,91,33,230.65,1773.93,11/19/2020,97 Crowley Street,Cash,Delivered
128,337,5,97,720.09,406.87,2/16/2021,04659 Oriole Plaza,Cash,Shipped
129,351,70,68,823.03,4569.17,12/14/2021,5981 Fairview Road,Cash,Delivered
130,11,97,75,554.92,4999.32,10/29/2022,2 Laurel Crossing,PayPal,Pending
131,490,67,5,84.93,7058.17,10/18/2022,35129 Bonner Crossing,PayPal,Pending
132,116,62,34,512.21,9063.82,5/30/2022,7 Dorton Avenue,Credit Card,Shipped
133,225,93,73,351.42,7272.54,4/21/2020,94 Dennis Hill,PayPal,Shipped
134,210,33,2,683.28,8353.19,12/17/2022,913 Surrey Court,PayPal,Pending
135,110,77,28,435.13,5322.66,1/4/2020,8 East Point,Cash,Shipped
136,434,89,1,370.94,6461.22,11/15/2021,15 Ohio Alley,Credit Card,Shipped
137,361,21,73,615.98,3993.48,2/12/2022,33594 Hudson Circle,PayPal,Shipped
138,20,58,9,137.94,9126.56,6/1/2021,8499 Aberg Terrace,PayPal,Shipped
139,20,85,1,526.32,6068.21,10/29/2022,6 Texas Drive,PayPal,Delivered
140,234,81,51,421.56,5854.8,10/8/2020,6 Annamark Trail,Cash,Delivered
141,327,54,90,295.09,5277.65,7/14/2020,71 Debra Hill,PayPal,Delivered
142,188,70,100,202.41,503.4,12/9/2022,8 Trailsway Road,Credit Card,Shipped
143,380,73,29,240.72,2853.23,4/22/2022,414 Burrows Terrace,PayPal,Pending
144,353,90,75,438.04,4856.74,10/21/2021,287 Hagan Lane,Cash,Delivered
145,280,18,51,915.67,8896.83,7/24/2022,9950 Independence Crossing,Cash,Delivered
146,47,92,57,703.53,6745.91,3/13/2021,8 Declaration Street,PayPal,Shipped
147,318,28,35,687.43,8200.21,3/15/2022,04557 Muir Alley,PayPal,Pending
148,167,16,46,89.82,9426.96,11/24/2022,67100 Schiller Circle,Cash,Delivered
149,57,53,98,82.08,807.09,7/20/2022,58659 Holy Cross Drive,PayPal,Pending
150,11,73,86,202.22,1251.56,11/13/2021,68771 Crowley Center,Credit Card,Shipped
151,281,62,81,430.47,396.06,7/2/2022,46840 Melrose Terrace,Credit Card,Pending
152,255,78,83,15.04,1911.17,12/7/2020,51 Kensington Trail,Credit Card,Delivered
153,254,50,13,203.46,170.8,5/16/2022,71 Little Fleur Center,PayPal,Shipped
154,342,75,89,126.63,1031.98,7/1/2021,22734 Forest Run Alley,Credit Card,Shipped
155,454,59,86,206.49,2697.65,7/18/2020,8 Canary Junction,Credit Card,Delivered
156,170,8,56,665.57,390.13,1/25/2022,09 Mallory Street,PayPal,Pending
157,37,95,51,398.18,4083.22,5/23/2022,4593 Heffernan Parkway,PayPal,Shipped
158,444,49,44,460.93,9825.5,2/25/2022,92 Fordem Drive,PayPal,Shipped
159,37,13,67,153.1,1383.53,7/18/2021,0 Annamark Terrace,Cash,Shipped
160,466,65,65,817.56,7436.61,10/14/2021,06884 Anthes Place,PayPal,Shipped
161,477,83,75,969.61,1330.79,1/10/2022,2 Heffernan Center,PayPal,Shipped
162,472,33,12,559.79,4345.29,11/14/2022,954 Sunnyside Parkway,Cash,Shipped
163,34,37,4,847.71,3059.53,5/24/2020,49 Anzinger Lane,PayPal,Shipped
164,241,36,8,226.89,8210.52,11/4/2021,148 Iowa Park,Credit Card,Pending
165,224,50,24,405.1,4468.48,10/7/2020,87 Havey Lane,Credit Card,Delivered
166,312,38,27,89.31,8190.4,6/4/2020,4408 Melby Road,Credit Card,Shipped
167,217,36,59,597.65,8227.23,9/10/2022,25 Carey Pass,PayPal,Shipped
168,153,12,80,785.83,7043.26,9/29/2021,3 Anniversary Pass,Credit Card,Shipped
169,245,18,14,337.96,2577.14,3/2/2022,22434 Blaine Park,Cash,Delivered
170,235,34,56,440.01,7541.19,11/13/2022,37 Sutherland Pass,Credit Card,Delivered
171,377,30,49,873.72,2936.63,9/13/2022,46 Kensington Avenue,Cash,Pending
172,279,44,64,259.96,1827.93,6/21/2022,98962 Anniversary Drive,Credit Card,Pending
173,330,90,86,519.29,9534.8,2/28/2022,8 Granby Hill,Cash,Delivered
174,110,37,77,419.26,3097.67,3/22/2020,7 Summerview Plaza,Cash,Shipped
175,6,97,86,362.22,3677.58,2/11/2022,80010 Ilene Point,Cash,Pending
176,202,2,65,255.06,9744.68,2/13/2021,9921 3rd Street,PayPal,Pending
177,338,84,58,581.4,9904.53,6/22/2021,1 Village Green Circle,Cash,Shipped
178,221,72,48,56.26,570.64,6/1/2021,6 Rigney Trail,Credit Card,Delivered
179,170,51,51,713.06,683.08,5/24/2022,73176 Saint Paul Circle,PayPal,Delivered
180,183,9,67,10.78,1274.68,9/11/2021,8199 Dottie Street,PayPal,Delivered
181,58,79,21,931.62,1738.65,4/10/2021,24902 Oriole Way,PayPal,Pending
182,493,10,92,777.75,3093.97,7/9/2021,3 Portage Terrace,Credit Card,Delivered
183,470,73,65,606.38,4726.29,8/13/2021,214 Nancy Avenue,Credit Card,Pending
184,235,31,87,649.39,99.1,6/3/2022,83713 Oak Valley Terrace,Credit Card,Delivered
185,94,13,89,435.52,2683.61,1/27/2022,426 Lyons Parkway,Credit Card,Delivered
186,490,27,54,614.43,5199.87,11/7/2021,4 Mariners Cove Court,PayPal,Shipped
187,447,22,64,809.79,1154.09,10/21/2021,55487 Marquette Court,Credit Card,Shipped
188,102,64,89,993.53,3832.57,7/15/2021,6928 Emmet Center,Credit Card,Pending
189,133,28,74,54.19,4100.77,5/25/2022,58 Village Green Lane,PayPal,Delivered
190,234,63,66,709.56,6252.94,11/11/2020,31609 Hoepker Terrace,PayPal,Shipped
191,220,47,99,521.18,569.83,10/31/2022,4342 Lyons Circle,Credit Card,Delivered
192,363,28,69,270.78,9368.88,7/3/2022,7298 Havey Center,Cash,Shipped
193,75,36,63,209.63,7473.77,4/7/2021,85 Ryan Terrace,Credit Card,Shipped
194,96,18,11,394.0,9099.65,10/25/2022,93257 Caliangt Way,Credit Card,Shipped
195,142,95,1,611.01,2897.51,4/14/2020,69559 Fallview Avenue,Cash,Shipped
196,218,78,46,962.14,7108.89,5/22/2020,501 Independence Point,Credit Card,Pending
197,51,48,61,215.55,2235.81,10/1/2021,186 Scott Pass,Cash,Delivered
198,442,2,79,294.43,4953.4,8/15/2021,4601 Granby Drive,Cash,Delivered
199,126,71,72,336.84,2145.24,6/6/2022,7520 Hovde Court,Credit Card,Shipped
200,213,80,88,922.07,7614.17,2/1/2022,33645 Scott Court,Credit Card,Pending
201,132,73,38,228.62,3117.88,4/30/2022,28 Rowland Court,Credit Card,Delivered
202,275,60,49,654.77,4256.98,11/30/2020,9 Schurz Terrace,PayPal,Delivered
203,191,98,91,562.75,8557.55,5/3/2022,605 Marquette Court,PayPal,Pending
204,292,37,53,129.16,1521.43,3/8/2021,1445 Morning Avenue,Cash,Pending
205,17,44,91,888.75,4216.68,4/13/2022,116 Southridge Plaza,Cash,Pending
206,380,100,80,273.37,8218.57,5/25/2022,721 Coleman Drive,Credit Card,Pending
207,373,4,87,784.46,2209.93,4/11/2022,30 Barby Junction,PayPal,Pending
208,225,49,14,17.22,6081.47,1/14/2021,0807 Pennsylvania Plaza,PayPal,Delivered
209,63,29,10,39.64,8971.56,9/12/2020,507 Buhler Court,Credit Card,Shipped
210,435,70,96,140.21,838.45,10/19/2020,4 Green Plaza,Credit Card,Pending
211,310,91,70,584.33,671.92,12/17/2021,454 Rutledge Trail,PayPal,Pending
212,328,45,43,803.73,7631.7,12/23/2021,7180 Glendale Trail,Cash,Delivered
213,241,40,42,394.61,7640.97,7/8/2022,3 Sundown Court,Cash,Shipped
214,437,12,48,848.9,4073.79,6/13/2020,69585 Schlimgen Circle,Credit Card,Pending
215,447,8,83,39.68,7772.48,12/31/2021,1320 Trailsway Hill,Cash,Shipped
216,297,68,89,494.59,75.42,12/2/2020,7 Del Sol Way,Cash,Pending
217,125,85,6,626.27,3483.21,8/3/2021,28 Morrow Plaza,Cash,Shipped
218,455,45,24,3.16,5512.67,5/8/2021,226 Westend Drive,PayPal,Shipped
219,469,63,87,228.28,6756.7,4/24/2021,14804 Summit Crossing,Cash,Shipped
220,424,5,44,442.75,1519.5,9/26/2022,868 Thackeray Terrace,Cash,Delivered
221,410,15,40,227.32,9620.09,10/9/2022,02244 Loomis Place,Credit Card,Shipped
222,221,19,21,588.71,3172.34,10/25/2022,6 5th Lane,PayPal,Pending
223,237,99,43,146.35,9733.04,10/29/2020,1158 Fairview Pass,Credit Card,Delivered
224,20,35,13,952.75,7853.49,12/17/2020,17 Walton Pass,PayPal,Pending
225,8,100,47,963.24,4223.93,9/21/2022,97 Wayridge Terrace,PayPal,Delivered
226,344,8,66,226.81,3399.58,4/30/2021,25 Weeping Birch Point,Cash,Delivered
227,197,3,76,545.24,6422.42,9/14/2020,57 Hanover Point,PayPal,Pending
228,103,62,84,129.48,8511.61,1/31/2020,6 Graedel Plaza,PayPal,Pending
229,369,13,34,405.49,4605.65,7/25/2021,38 Tony Place,Cash,Pending
230,25,81,43,975.28,7766.23,4/15/2021,6 Rutledge Alley,Credit Card,Shipped
231,307,45,96,713.62,710.95,12/1/2020,508 Mendota Way,Credit Card,Shipped
232,396,60,75,561.79,3592.87,4/19/2021,1 Express Plaza,Cash,Delivered
233,374,36,48,367.09,4141.15,3/16/2022,58468 Northport Court,Cash,Delivered
234,456,80,15,666.69,981.53,3/28/2022,361 Onsgard Drive,PayPal,Pending
235,201,100,13,696.26,3190.72,9/3/2022,7648 4th Court,PayPal,Delivered
236,296,10,27,995.13,7042.6,3/16/2020,4200 Oxford Street,PayPal,Pending
237,309,39,24,196.69,4179.34,1/26/2021,6293 Bluejay Avenue,PayPal,Delivered
238,286,38,47,719.27,1657.69,4/21/2021,8962 Caliangt Alley,Cash,Pending
239,456,46,52,154.59,3924.59,5/15/2020,73774 Sheridan Way,Cash,Pending
240,86,38,99,17.3,6691.01,3/28/2022,119 Autumn Leaf Avenue,PayPal,Delivered
241,72,32,95,812.16,2061.88,3/5/2021,99 Springview Terrace,Cash,Delivered
242,487,75,96,913.55,4235.99,8/24/2021,97 Division Point,Credit Card,Delivered
243,59,8,22,295.24,2795.09,11/7/2021,4 Huxley Way,Credit Card,Shipped
244,215,74,86,993.91,337.86,10/6/2022,86048 Killdeer Terrace,Credit Card,Delivered
245,274,43,38,715.59,470.98,8/20/2021,9 Merchant Terrace,PayPal,Shipped
246,470,71,100,596.59,5957.23,6/3/2022,70857 Fuller Street,Cash,Shipped
247,146,39,33,966.81,1135.67,4/27/2021,47529 Bluestem Drive,Cash,Pending
248,228,96,11,218.91,3777.56,1/12/2021,6177 La Follette Alley,Cash,Shipped
249,322,73,13,62.48,149.03,2/27/2022,52 Myrtle Crossing,Cash,Delivered
250,450,6,58,777.97,2635.86,2/15/2020,86 Butterfield Plaza,PayPal,Delivered
251,212,84,36,150.42,8091.29,3/14/2021,85632 Bultman Pass,Cash,Pending
252,330,78,28,549.0,8598.96,4/4/2020,038 Jenna Lane,Credit Card,Shipped
253,444,82,64,264.17,590.15,4/20/2020,9 Dunning Center,PayPal,Pending
254,377,56,98,454.01,7835.95,3/6/2020,93288 Bellgrove Center,PayPal,Delivered
255,280,29,11,950.79,8654.63,8/10/2020,7731 Crowley Point,Credit Card,Delivered
256,247,1,64,158.98,665.61,10/29/2021,0 Jay Junction,Cash,Pending
257,390,25,26,217.68,5391.34,11/5/2020,383 Walton Lane,Credit Card,Shipped
258,488,30,44,606.01,7822.89,11/8/2022,39 Norway Maple Street,PayPal,Shipped
259,321,20,90,698.07,5411.76,3/27/2022,860 Pine View Drive,PayPal,Pending
260,413,4,90,864.09,3924.2,10/10/2022,6 Kenwood Plaza,PayPal,Delivered
261,143,56,76,683.8,8275.5,11/7/2020,7700 Portage Circle,Credit Card,Shipped
262,441,41,13,38.95,58.55,8/20/2022,33 Del Mar Way,PayPal,Pending
263,182,29,61,137.28,3471.81,6/1/2020,0 Westridge Circle,PayPal,Pending
264,481,93,72,246.05,5679.25,9/12/2021,0544 Stuart Point,Cash,Shipped
265,466,86,83,562.14,2750.39,7/16/2021,32779 Vidon Center,Credit Card,Delivered
266,244,59,64,947.12,1837.47,7/6/2020,88220 Crowley Junction,Credit Card,Delivered
267,371,87,62,16.15,2374.03,5/29/2022,44 Pond Drive,Cash,Pending
268,401,78,15,632.23,822.4,2/11/2020,926 Magdeline Plaza,Credit Card,Pending
269,307,92,69,585.72,9783.03,5/22/2021,2460 Lyons Alley,Cash,Shipped
270,490,25,27,75.85,6925.5,10/13/2022,40 Southridge Alley,Cash,Pending
271,19,36,25,327.98,6882.37,7/26/2021,15 Dayton Circle,Cash,Shipped
272,344,79,42,852.77,9490.49,2/15/2020,74514 Stang Point,Cash,Pending
273,349,31,61,459.18,4977.27,5/18/2022,0 Warbler Crossing,Cash,Shipped
274,64,24,14,180.31,7885.37,4/24/2020,754 Monterey Junction,PayPal,Shipped
275,484,24,34,954.0,1083.1,5/3/2021,4 Veith Crossing,Cash,Shipped
276,319,15,43,607.3,1766.9,10/20/2022,810 Ridgeview Street,Cash,Shipped
277,213,46,37,423.45,8759.93,5/29/2020,7452 Badeau Street,Cash,Shipped
278,218,62,55,918.08,8465.9,2/4/2021,6 Mockingbird Center,PayPal,Pending
279,201,54,86,168.91,8202.1,6/29/2022,110 Donald Terrace,PayPal,Delivered
280,105,5,42,325.91,7581.74,12/4/2021,59879 Cordelia Lane,Credit Card,Shipped
281,367,63,65,659.09,8735.76,1/6/2022,14729 Clyde Gallagher Terrace,PayPal,Pending
282,490,46,41,456.8,8948.99,4/11/2021,7611 Meadow Valley Center,Cash,Delivered
283,182,31,2,432.41,1317.07,8/10/2021,6 Bunting Pass,Cash,Shipped
284,220,14,99,803.99,4007.59,9/5/2020,775 Evergreen Terrace,PayPal,Pending
285,137,85,40,955.11,7467.42,2/27/2020,7443 Farragut Park,PayPal,Pending
286,244,9,25,927.86,1813.25,2/17/2021,072 Merrick Crossing,PayPal,Delivered
287,152,37,53,443.21,889.49,12/12/2020,39 Talisman Crossing,PayPal,Pending
288,263,28,46,385.1,3199.05,3/1/2020,8094 Walton Way,PayPal,Shipped
289,299,23,93,265.15,8437.54,1/16/2022,80162 Arkansas Avenue,Credit Card,Pending
290,366,36,85,607.09,7524.68,5/4/2021,7 Di Loreto Parkway,PayPal,Shipped
291,14,98,78,656.21,4344.37,4/26/2020,39 7th Trail,PayPal,Delivered
292,413,76,91,44.94,8538.93,12/10/2022,09 Center Park,Credit Card,Pending
293,471,68,64,589.06,6058.89,9/21/2022,74 Montana Lane,Credit Card,Delivered
294,135,42,7,722.15,5106.96,6/27/2020,60 Gulseth Trail,PayPal,Pending
295,194,33,40,60.12,6150.41,3/13/2020,021 Milwaukee Circle,Credit Card,Delivered
296,256,95,51,698.54,6578.05,11/2/2021,36 Prairie Rose Pass,PayPal,Shipped
297,297,16,97,885.73,2914.75,11/10/2020,1641 Loomis Terrace,Credit Card,Pending
298,214,85,76,105.47,8491.5,11/12/2021,769 Mcbride Pass,Cash,Delivered
299,309,15,17,232.48,5933.18,6/16/2022,681 Russell Alley,Credit Card,Delivered
300,348,87,85,601.43,5220.03,5/24/2021,736 Atwood Terrace,Cash,Pending
301,191,13,39,568.44,9510.66,12/17/2020,80 Dryden Circle,PayPal,Pending
302,65,18,18,804.48,1445.94,10/17/2022,86 Darwin Pass,Credit Card,Pending
303,500,94,94,419.93,6473.01,7/28/2020,886 Pine View Way,Credit Card,Shipped
304,43,99,85,243.47,6114.37,10/25/2021,53791 Shopko Junction,PayPal,Shipped
305,398,10,41,533.45,6861.26,4/25/2020,72386 Dottie Court,PayPal,Shipped
306,379,15,72,422.54,1439.48,1/11/2021,0527 Sunfield Point,Cash,Pending
307,292,73,99,55.49,6833.22,2/29/2020,20 Erie Circle,Cash,Pending
308,204,61,27,96.31,2246.27,11/24/2021,79 Trailsway Pass,Credit Card,Delivered
309,235,23,80,555.39,9529.36,4/11/2022,60 Swallow Road,Cash,Delivered
310,196,40,55,565.88,4128.26,12/24/2022,3 Elmside Center,Cash,Delivered
311,47,84,83,631.12,7117.49,8/25/2022,37927 Swallow Terrace,Credit Card,Delivered
312,166,28,100,278.31,1333.06,4/8/2020,6 Walton Trail,Cash,Shipped
313,360,37,1,347.69,8731.89,4/6/2021,443 Gina Drive,Credit Card,Delivered
314,108,33,8,403.54,8048.37,4/20/2022,10 Clyde Gallagher Parkway,Credit Card,Delivered
315,274,29,90,501.41,1608.08,2/19/2021,8 Dexter Alley,Cash,Shipped
316,99,65,46,667.27,5240.62,9/23/2022,28 Twin Pines Way,PayPal,Delivered
317,396,6,75,23.29,381.97,12/17/2022,5 Veith Alley,Credit Card,Pending
318,91,54,68,288.45,5782.96,11/16/2020,78261 Oak Avenue,Cash,Shipped
319,328,100,1,913.89,9156.57,12/14/2020,241 Commercial Junction,Cash,Shipped
320,148,96,19,20.52,3068.87,10/6/2020,72346 Anthes Drive,Credit Card,Pending
321,277,90,72,838.99,3101.9,9/2/2022,129 Florence Trail,PayPal,Delivered
322,134,90,55,375.25,1685.06,4/14/2020,36768 Burrows Terrace,PayPal,Shipped
323,324,40,32,998.79,752.66,2/27/2022,72 Grayhawk Terrace,Cash,Shipped
324,449,30,7,838.42,8644.49,8/30/2021,4116 Monterey Trail,Cash,Delivered
325,496,56,99,212.19,3748.86,6/26/2021,95 Stoughton Lane,Cash,Shipped
326,129,63,72,305.22,5429.91,12/1/2021,99 Morning Hill,Cash,Delivered
327,376,8,48,715.8,327.63,10/8/2022,15 Corry Street,Credit Card,Pending
328,9,12,87,88.75,9749.24,9/25/2020,29867 Fuller Street,Credit Card,Pending
329,400,60,3,337.5,6911.95,9/17/2022,6 Utah Trail,Credit Card,Pending
330,4,99,96,268.79,6488.76,8/24/2021,5941 Fairview Lane,Credit Card,Pending
331,451,14,100,20.96,9290.82,10/23/2022,85 Schurz Alley,Cash,Delivered
332,313,46,8,347.83,1390.46,1/5/2021,3 2nd Road,Credit Card,Pending
333,316,26,100,234.04,8223.93,1/30/2022,90 Monterey Way,Credit Card,Pending
334,488,27,75,472.04,1341.53,1/22/2022,2517 Fremont Drive,Credit Card,Shipped
335,171,11,27,42.5,3537.28,2/22/2021,9788 Nancy Junction,Cash,Delivered
336,110,92,2,253.46,1972.13,2/22/2021,7 Toban Park,Cash,Pending
337,132,36,52,777.12,4271.9,8/30/2022,041 Artisan Avenue,Credit Card,Shipped
338,149,61,74,434.86,4384.38,12/1/2020,738 Eagle Crest Avenue,PayPal,Pending
339,212,21,92,905.39,1907.84,8/7/2022,552 Scott Crossing,Cash,Pending
340,76,51,79,166.71,1269.06,1/30/2022,342 Lakewood Avenue,Credit Card,Delivered
341,249,61,16,687.63,4904.74,7/30/2022,4570 Kennedy Junction,PayPal,Shipped
342,164,20,11,960.46,9241.97,3/3/2021,9782 Mifflin Alley,Cash,Shipped
343,189,22,54,637.33,4946.1,12/18/2021,5065 Bartillon Point,PayPal,Pending
344,394,94,76,987.51,2203.96,11/22/2022,97 Carberry Trail,PayPal,Delivered
345,4,8,32,659.64,3848.98,2/3/2021,36 Starling Court,Credit Card,Pending
346,71,44,62,932.0,4873.89,2/14/2022,12719 Hayes Crossing,Cash,Pending
347,328,43,84,987.69,8791.27,5/24/2022,16 Lukken Trail,Cash,Pending
348,280,85,69,262.57,1267.74,3/30/2022,584 Melby Park,Credit Card,Pending
349,194,97,1,339.15,4896.72,10/18/2022,922 Merchant Pass,Cash,Pending
350,335,95,42,167.21,9669.0,12/18/2020,26 Aberg Hill,PayPal,Delivered
351,427,29,45,79.32,9483.98,7/6/2022,543 Kenwood Court,PayPal,Pending
352,171,93,27,906.23,6094.61,12/13/2021,6 Kedzie Alley,Credit Card,Pending
353,418,31,82,19.62,1284.52,10/29/2021,8106 Marcy Parkway,Cash,Shipped
354,355,20,88,569.65,8242.06,11/10/2022,53141 Green Circle,Cash,Delivered
355,248,25,65,74.13,571.98,2/8/2021,8 Orin Crossing,Cash,Pending
356,165,41,83,48.16,3167.34,4/18/2020,34 Manley Way,PayPal,Pending
357,442,44,4,881.47,9627.62,12/9/2020,5 Kenwood Way,Credit Card,Shipped
358,357,14,57,724.42,8329.08,2/17/2020,4 Dottie Drive,Cash,Pending
359,189,70,81,549.68,6027.2,1/3/2021,50 Logan Circle,PayPal,Pending
360,194,49,18,850.61,4204.8,7/5/2020,64483 Lerdahl Road,PayPal,Delivered
361,224,87,85,207.19,7098.27,8/6/2021,79 Karstens Circle,Credit Card,Delivered
362,442,80,82,786.69,290.08,11/10/2020,03 Hollow Ridge Center,Cash,Pending
363,438,64,7,49.58,5098.56,9/13/2020,8 Scott Hill,Credit Card,Delivered
364,144,74,36,46.5,3122.8,7/16/2022,0 Logan Avenue,PayPal,Shipped
365,223,36,94,889.44,2447.87,12/24/2020,607 Waxwing Lane,Credit Card,Shipped
366,113,81,65,67.93,2275.62,4/20/2020,52241 Boyd Center,Credit Card,Pending
367,222,69,59,5.57,2649.12,8/24/2020,55041 Gulseth Junction,Credit Card,Pending
368,296,59,8,476.08,7123.73,7/1/2020,46480 Meadow Ridge Alley,Credit Card,Delivered
369,61,98,69,229.1,4463.21,11/9/2022,595 Crescent Oaks Terrace,PayPal,Shipped
370,193,34,44,454.32,4745.24,7/12/2020,11199 Del Mar Road,Cash,Pending
371,165,98,47,269.44,8428.21,3/18/2022,91 Anhalt Parkway,PayPal,Delivered
372,480,33,29,833.65,6491.2,2/25/2020,7680 8th Street,Credit Card,Delivered
373,218,63,38,516.05,6246.43,11/11/2021,1507 Fairview Trail,PayPal,Delivered
374,251,13,89,531.21,8006.41,1/23/2020,9 Redwing Way,Credit Card,Delivered
375,19,75,24,671.11,3957.38,5/22/2021,823 Duke Park,Credit Card,Delivered
376,175,48,47,609.06,5285.64,10/1/2021,3846 School Avenue,Cash,Shipped
377,226,31,18,900.04,1003.79,4/28/2022,08260 Myrtle Terrace,PayPal,Pending
378,308,76,77,331.46,9774.15,1/19/2020,52382 Blaine Pass,Credit Card,Pending
379,198,35,14,980.99,3295.54,3/1/2020,5941 Arapahoe Terrace,PayPal,Delivered
380,248,71,17,271.48,9213.79,1/16/2021,8 Pepper Wood Junction,Credit Card,Pending
381,477,94,27,881.46,643.46,6/23/2022,5129 Sauthoff Hill,Cash,Pending
382,305,58,20,736.86,364.13,9/1/2020,3245 Portage Drive,Cash,Pending
383,1,2,93,529.54,99.76,8/30/2021,037 Merry Avenue,Cash,Delivered
384,403,33,62,332.23,7095.46,11/27/2022,5 Carberry Terrace,Cash,Delivered
385,164,21,20,622.71,1856.42,5/31/2021,87070 Bartillon Junction,Cash,Pending
386,470,84,32,26.92,91.73,4/5/2022,5 Gateway Plaza,PayPal,Shipped
387,110,47,19,625.76,6908.3,4/4/2022,4109 Garrison Place,Credit Card,Shipped
388,385,35,88,553.64,4984.65,2/18/2022,6 Sugar Junction,Credit Card,Pending
389,434,19,42,895.12,8249.5,5/9/2022,36036 Burning Wood Drive,PayPal,Shipped
390,398,20,83,151.18,7093.49,12/12/2021,5977 Waywood Plaza,PayPal,Shipped
391,408,12,26,24.25,5116.83,8/2/2021,43514 Wayridge Pass,Cash,Delivered
392,315,36,62,837.51,7710.91,9/9/2021,9 Roxbury Junction,Cash,Shipped
393,370,16,79,879.28,7070.36,12/26/2021,9 South Avenue,Cash,Delivered
394,301,63,87,729.09,2809.84,2/15/2022,4905 Derek Lane,Cash,Delivered
395,485,73,61,359.79,7324.69,3/27/2021,5988 Badeau Junction,PayPal,Pending
396,118,23,16,779.63,5634.75,9/3/2021,9131 Riverside Center,Cash,Delivered
397,111,77,74,455.1,4771.43,7/5/2021,701 Troy Center,Credit Card,Pending
398,11,85,1,747.73,574.4,12/3/2021,58 Chinook Avenue,Cash,Delivered
399,345,5,51,393.57,5263.43,5/7/2022,74795 Mcguire Center,PayPal,Pending
400,384,46,68,481.74,7476.28,11/7/2020,6 Center Center,PayPal,Delivered
401,369,24,80,531.46,6291.19,5/19/2020,62 Ohio Drive,Credit Card,Pending
402,41,92,71,302.54,5515.02,4/21/2020,93 Lotheville Park,Credit Card,Shipped
403,194,86,12,360.99,4396.67,10/1/2022,86135 Scofield Parkway,Credit Card,Delivered
404,332,37,64,912.74,5359.74,11/23/2021,05851 Hintze Trail,PayPal,Pending
405,339,64,86,583.47,2457.53,11/30/2022,83375 Bashford Drive,Credit Card,Shipped
406,451,32,38,690.16,6607.48,9/28/2020,366 1st Drive,Credit Card,Pending
407,248,26,92,725.13,5229.87,7/7/2020,31090 Cardinal Place,PayPal,Delivered
408,405,60,95,310.46,5361.9,5/15/2020,9 Dapin Drive,Cash,Shipped
409,203,40,75,956.7,730.64,10/31/2021,53132 Barnett Hill,Cash,Pending
410,42,85,21,446.98,3033.32,6/2/2022,89 Johnson Lane,PayPal,Shipped
411,33,30,7,548.39,9899.07,1/11/2022,4554 Hauk Hill,Cash,Pending
412,46,10,33,288.1,9071.07,7/30/2020,14208 Hudson Crossing,Cash,Pending
413,41,10,54,850.57,7817.86,11/8/2022,73 North Lane,Cash,Delivered
414,125,95,54,445.46,4261.82,2/18/2020,459 Duke Pass,Cash,Pending
415,134,82,12,325.39,2681.15,2/25/2021,65 Anhalt Way,PayPal,Delivered
416,63,15,63,311.69,7168.31,9/4/2020,70 Ramsey Park,Cash,Shipped
417,382,72,38,236.28,590.14,9/12/2020,48 Charing Cross Place,PayPal,Shipped
418,474,3,82,52.41,2454.89,6/26/2021,5 Holmberg Drive,Cash,Shipped
419,499,74,66,528.64,2481.47,2/7/2021,8 Iowa Alley,Credit Card,Delivered
420,267,78,95,513.97,950.43,2/14/2020,92893 Chive Drive,PayPal,Pending
421,235,42,77,618.15,9969.35,5/13/2022,99 Mcguire Place,PayPal,Delivered
422,255,82,54,637.41,6481.21,5/6/2020,1 Mosinee Parkway,PayPal,Delivered
423,80,66,36,135.67,5455.83,10/2/2021,51540 Melby Center,PayPal,Shipped
424,476,31,26,675.29,3209.37,6/4/2022,9 Loeprich Road,Cash,Pending
425,125,48,38,672.55,7799.96,12/9/2020,06211 Waywood Way,PayPal,Delivered
426,498,89,73,350.25,3020.34,11/3/2021,2 Buhler Way,Cash,Delivered
427,288,74,22,352.46,6180.81,5/11/2022,99798 Gale Junction,Credit Card,Pending
428,442,33,59,345.26,6635.89,9/9/2021,29273 Montana Avenue,PayPal,Shipped
429,328,54,80,733.17,1309.1,8/5/2021,1140 Anniversary Road,PayPal,Pending
430,425,68,55,437.86,8356.86,1/31/2022,1 4th Plaza,Credit Card,Shipped
431,209,70,73,315.4,8903.49,11/6/2021,3 Hoepker Terrace,PayPal,Pending
432,388,62,81,544.31,2337.61,3/31/2020,5636 Charing Cross Avenue,Credit Card,Delivered
433,45,24,1,368.62,5751.85,8/21/2022,8036 Florence Center,PayPal,Delivered
434,342,88,3,188.57,1592.2,3/4/2020,740 Rigney Hill,Cash,Shipped
435,263,86,8,880.47,1585.53,2/29/2020,0388 Lotheville Trail,Credit Card,Shipped
436,276,32,16,177.32,2102.97,10/8/2020,79090 Sunbrook Hill,PayPal,Shipped
437,134,59,45,715.54,7367.29,1/17/2020,32783 Drewry Pass,Credit Card,Shipped
438,259,37,8,713.15,8815.08,1/20/2021,97 Jackson Court,Credit Card,Pending
439,397,37,60,844.09,876.9,5/5/2021,0481 Aberg Crossing,PayPal,Shipped
440,68,31,81,478.01,2915.85,11/24/2022,46 Nobel Alley,PayPal,Pending
441,176,22,28,718.04,7159.0,8/6/2021,6994 4th Parkway,Credit Card,Pending
442,461,84,94,988.03,5821.31,7/3/2022,0240 Lakewood Gardens Parkway,PayPal,Delivered
443,122,31,39,144.94,7980.99,10/2/2021,8909 Scofield Place,Cash,Shipped
444,361,79,35,217.43,1301.59,10/11/2022,83554 John Wall Hill,Credit Card,Delivered
445,398,91,53,445.66,4833.23,12/23/2022,8254 Jenifer Alley,Cash,Shipped
446,397,69,20,619.41,3218.71,10/4/2020,8511 Sloan Court,Cash,Shipped
447,298,91,75,333.22,6833.66,2/6/2021,592 Judy Way,PayPal,Shipped
448,283,55,31,186.73,7277.11,7/19/2021,455 Westport Hill,PayPal,Shipped
449,337,32,38,903.94,5323.61,6/18/2021,09665 Hudson Plaza,Credit Card,Delivered
450,125,58,86,451.64,6423.36,12/29/2020,54 Glacier Hill Point,Credit Card,Pending
451,302,55,16,41.47,4443.82,1/31/2021,08853 Hovde Way,PayPal,Delivered
452,401,63,27,416.34,7796.13,11/15/2021,98 Rieder Street,Credit Card,Delivered
453,449,7,39,917.07,3256.42,6/26/2022,405 Bultman Circle,PayPal,Delivered
454,261,31,3,115.51,3556.58,3/29/2020,4280 Grasskamp Center,PayPal,Shipped
455,445,84,17,597.35,2539.49,9/17/2022,68129 Spaight Hill,PayPal,Shipped
456,104,81,67,546.96,4199.37,9/4/2020,7 Redwing Place,Cash,Pending
457,264,29,5,270.16,8293.15,7/9/2020,91 Weeping Birch Circle,Cash,Pending
458,90,93,3,162.19,890.09,3/15/2020,998 Green Ridge Terrace,Credit Card,Shipped
459,350,56,19,588.16,524.25,11/8/2020,0968 Division Center,PayPal,Shipped
460,263,84,59,908.64,8857.18,6/20/2021,86079 Birchwood Trail,Cash,Pending
461,372,30,18,108.76,3291.73,5/4/2021,434 Summit Pass,Cash,Pending
462,341,57,39,348.56,3255.36,8/7/2021,508 Mosinee Crossing,Credit Card,Shipped
463,170,22,94,796.47,1868.1,3/5/2021,211 Forest Run Point,Credit Card,Shipped
464,434,82,24,70.07,7386.93,9/28/2020,9 Emmet Terrace,Cash,Pending
465,211,56,34,402.41,613.17,3/22/2022,74 Gale Terrace,Credit Card,Delivered
466,389,98,41,90.89,2857.07,6/21/2020,32643 Steensland Junction,Cash,Pending
467,438,90,13,796.41,9738.92,12/12/2021,1103 Milwaukee Hill,PayPal,Pending
468,170,56,13,783.9,8142.59,1/15/2022,019 Northland Street,Cash,Delivered
469,286,27,87,368.32,8302.93,6/25/2020,57 Namekagon Pass,Cash,Shipped
470,112,54,53,465.12,3391.37,6/28/2022,6829 Calypso Plaza,Credit Card,Pending
471,328,83,53,434.14,7939.29,12/2/2020,800 Summer Ridge Point,PayPal,Shipped
472,42,52,70,228.0,4617.24,6/9/2020,37106 Hallows Drive,PayPal,Pending
473,266,84,56,732.18,5668.96,1/28/2020,1 Lawn Street,Cash,Shipped
474,471,28,48,148.57,2914.67,11/22/2022,251 Glacier Hill Court,Credit Card,Delivered
475,88,54,38,419.97,7466.98,4/4/2021,54285 Springs Junction,Cash,Pending
476,386,52,50,534.62,5879.29,10/18/2021,07379 Red Cloud Park,PayPal,Pending
477,194,84,31,285.26,5349.69,9/23/2020,3602 Sundown Terrace,PayPal,Shipped
478,182,65,42,150.58,4292.46,10/24/2022,554 Esch Street,PayPal,Pending
479,237,29,35,60.44,746.6,1/21/2022,91 Namekagon Place,PayPal,Shipped
480,295,52,91,125.26,3152.15,2/17/2020,2 Fremont Pass,PayPal,Pending
481,420,76,20,612.09,8906.55,4/6/2022,04718 Porter Parkway,PayPal,Delivered
482,62,39,71,134.5,1768.64,1/14/2020,322 4th Road,Cash,Pending
483,134,38,27,380.4,1140.34,5/31/2020,2 Prairie Rose Park,Credit Card,Pending
484,10,50,45,777.84,4367.64,2/11/2020,0 Park Meadow Terrace,PayPal,Delivered
485,431,83,61,75.2,6478.22,9/6/2022,8530 Debra Plaza,Credit Card,Pending
486,175,37,63,68.39,6507.67,6/27/2022,88 Basil Plaza,Credit Card,Shipped
487,194,89,60,411.77,7293.23,8/28/2021,6 Starling Drive,Credit Card,Pending
488,191,53,54,962.29,7130.72,12/10/2022,0159 Fisk Crossing,Credit Card,Delivered
489,77,74,79,21.2,271.74,1/12/2021,574 Bluestem Trail,Cash,Delivered
490,463,72,27,591.29,2898.66,11/21/2020,44 Armistice Point,Credit Card,Pending
491,242,89,38,128.42,9210.51,11/6/2020,485 Vernon Road,Credit Card,Delivered
492,384,48,96,242.45,503.39,8/29/2022,29 Esker Crossing,Cash,Pending
493,343,6,52,953.71,386.16,10/2/2022,46 Armistice Park,Cash,Pending
494,407,20,42,27.92,5434.12,11/16/2022,30 Coleman Road,Cash,Delivered
495,52,46,63,852.53,5163.4,12/15/2022,128 Acker Junction,Cash,Delivered
496,242,36,87,389.27,1157.7,8/26/2022,0292 Waxwing Way,Credit Card,Pending
497,30,6,2,637.0,9755.78,1/19/2020,9742 Waubesa Crossing,Cash,Delivered
498,354,62,42,899.02,2240.24,9/27/2022,31718 Caliangt Drive,Credit Card,Delivered
499,252,96,48,709.53,202.28,7/6/2022,211 Gina Place,Cash,Delivered
500,389,22,37,874.36,86.9,10/21/2021,05555 Burning Wood Road,Cash,Pending
501,481,22,14,413.06,3813.77,7/19/2021,709 Cherokee Terrace,PayPal,Pending
502,422,55,34,107.63,2412.24,10/28/2020,10657 Fairview Crossing,PayPal,Shipped
503,5,28,28,794.32,8207.18,6/30/2022,374 Riverside Place,Cash,Pending
504,266,91,29,233.33,5410.69,6/20/2020,6 Hagan Avenue,Cash,Delivered
505,468,21,10,760.9,4461.66,5/20/2022,869 Schurz Plaza,Credit Card,Pending
506,498,83,2,590.4,513.24,2/17/2022,7015 Moulton Point,Credit Card,Pending
507,377,4,73,726.11,9298.27,12/11/2020,704 Coolidge Court,Credit Card,Shipped
508,399,31,14,933.61,7504.54,8/5/2020,9264 Acker Junction,PayPal,Shipped
509,96,23,13,872.67,1178.8,5/29/2021,6 Canary Center,Credit Card,Pending
510,474,52,61,433.17,7839.31,1/24/2020,34 Upham Circle,Cash,Delivered
511,388,57,14,750.51,4126.21,3/9/2021,36664 Vahlen Circle,Cash,Delivered
512,137,78,25,612.39,3572.53,12/22/2021,893 Columbus Lane,Credit Card,Shipped
513,52,78,18,480.69,9073.38,9/8/2022,37 Oakridge Street,PayPal,Delivered
514,455,25,89,787.93,4502.61,12/17/2020,628 Leroy Way,Credit Card,Pending
515,150,56,85,695.53,2655.94,3/28/2020,6976 Cardinal Hill,Cash,Pending
516,233,53,92,911.49,9915.95,5/13/2022,121 Schurz Center,PayPal,Delivered
517,24,10,8,128.7,8371.07,1/10/2020,9213 Messerschmidt Drive,Credit Card,Delivered
518,273,72,86,385.88,5939.99,7/20/2020,2285 Carpenter Road,Credit Card,Pending
519,378,27,79,805.15,6681.64,2/4/2021,17 Mayer Road,PayPal,Pending
520,308,35,83,288.44,2768.4,12/23/2022,52222 Troy Way,Credit Card,Shipped
521,487,2,11,69.14,8895.07,9/23/2021,66359 Columbus Center,Credit Card,Pending
522,64,32,80,799.48,9978.92,1/7/2021,304 Pierstorff Parkway,PayPal,Delivered
523,44,79,63,38.76,9926.59,8/27/2022,586 Manley Terrace,PayPal,Pending
524,383,69,64,28.61,1723.67,3/13/2020,253 Basil Lane,PayPal,Shipped
525,75,27,21,233.77,5988.68,12/6/2020,71 Surrey Drive,Cash,Shipped
526,30,60,53,403.45,3336.02,9/13/2021,9148 Buhler Place,Cash,Shipped
527,350,91,9,231.29,8931.63,10/30/2022,41 Chinook Hill,PayPal,Shipped
528,454,43,20,168.02,3105.61,8/25/2021,848 Bellgrove Terrace,Cash,Shipped
529,2,16,71,659.77,1371.4,8/20/2020,802 Maple Wood Place,Cash,Pending
530,494,69,9,815.04,7806.88,7/7/2021,9 Kim Road,PayPal,Delivered
531,41,74,74,751.53,5713.73,4/2/2021,83837 Autumn Leaf Hill,PayPal,Pending
532,170,14,20,316.41,9649.92,4/23/2022,602 Scott Lane,PayPal,Pending
533,366,10,51,621.36,7626.29,10/28/2020,77367 Hauk Way,PayPal,Pending
534,83,32,59,831.59,5812.99,8/23/2020,2 Linden Circle,Credit Card,Shipped
535,314,6,68,374.44,7444.78,3/13/2021,196 Northland Trail,Credit Card,Shipped
536,1,14,86,239.48,192.73,10/18/2021,3254 Bobwhite Junction,Credit Card,Pending
537,132,25,17,579.54,9366.57,3/9/2021,61 American Ash Trail,Cash,Pending
538,345,12,100,453.42,1406.91,9/16/2021,39 Pond Park,PayPal,Delivered
539,25,42,37,914.78,7185.3,7/25/2022,60 Farmco Terrace,Cash,Delivered
540,409,36,3,112.44,1559.12,7/26/2021,1 Bayside Parkway,Cash,Shipped
541,355,85,29,62.04,6105.49,4/10/2021,352 Chinook Parkway,Cash,Pending
542,320,2,48,215.79,7697.93,11/22/2022,6888 Hoepker Street,Cash,Shipped
543,112,75,53,319.81,7355.47,7/20/2020,96624 Swallow Trail,PayPal,Delivered
544,334,41,99,912.5,1054.65,8/22/2021,60594 Mockingbird Point,Credit Card,Delivered
545,121,14,37,995.67,616.77,4/2/2021,42726 Hintze Street,Credit Card,Delivered
546,394,18,79,15.43,7625.18,12/25/2021,96 Brown Circle,Credit Card,Delivered
547,90,14,80,621.84,26.99,8/8/2022,9 Kinsman Drive,PayPal,Shipped
548,370,25,3,969.15,3365.38,9/22/2021,42 Hoard Way,PayPal,Pending
549,299,69,87,695.74,5112.85,1/22/2022,5 Warner Junction,Credit Card,Pending
550,133,64,23,633.28,8232.9,8/29/2020,19073 Village Court,Credit Card,Delivered
551,255,33,77,924.33,9120.93,10/26/2020,5 Scott Court,Cash,Shipped
552,89,88,12,447.99,1056.31,8/6/2021,7781 Summer Ridge Pass,Credit Card,Delivered
553,116,32,41,426.8,4386.38,2/19/2020,976 Drewry Junction,Credit Card,Pending
554,437,35,94,544.33,8751.52,8/2/2022,3438 Elmside Pass,Cash,Pending
555,484,69,89,834.71,1620.14,10/10/2022,67 American Drive,PayPal,Shipped
556,301,5,80,134.75,7371.66,10/29/2022,5252 Ronald Regan Circle,PayPal,Pending
557,84,30,54,710.84,9283.34,4/19/2022,462 Myrtle Street,Credit Card,Pending
558,421,77,32,340.49,4861.23,5/29/2021,92755 Hovde Center,Cash,Shipped
559,186,81,45,281.82,9730.32,3/4/2020,60158 Mayfield Road,PayPal,Pending
560,121,99,28,670.1,2347.08,8/26/2020,93 Hansons Point,Cash,Pending
561,262,56,72,588.48,9123.93,5/12/2020,80 Bonner Crossing,Credit Card,Pending
562,366,26,97,724.82,9188.19,10/12/2021,69839 Texas Point,PayPal,Delivered
563,489,73,68,425.63,3540.55,6/17/2020,1911 Kipling Court,Credit Card,Pending
564,427,69,17,99.84,2832.31,3/3/2021,71 Prairie Rose Circle,Cash,Delivered
565,357,87,20,181.0,7959.22,3/2/2020,16776 Trailsway Center,PayPal,Delivered
566,72,80,94,630.27,1500.22,12/25/2020,499 Packers Alley,PayPal,Delivered
567,193,63,46,993.04,3634.26,6/13/2020,5353 Mockingbird Crossing,Credit Card,Pending
568,96,28,44,191.88,9045.62,6/7/2021,61 Express Terrace,Cash,Pending
569,425,54,78,948.89,3670.02,1/4/2021,52 Duke Court,PayPal,Delivered
570,401,96,66,137.09,3239.44,1/30/2020,14 Petterle Junction,Credit Card,Pending
571,212,68,100,544.1,6975.05,4/17/2020,9326 Hauk Way,PayPal,Delivered
572,256,6,48,122.73,873.56,10/1/2020,4 Gerald Parkway,Cash,Delivered
573,400,85,62,734.81,7105.35,4/11/2022,756 Briar Crest Court,Cash,Delivered
574,456,45,6,294.4,2325.23,5/31/2022,5 Kinsman Way,Credit Card,Shipped
575,198,2,94,123.68,579.52,4/17/2020,52068 Hoard Junction,Cash,Pending
576,471,40,64,283.23,7724.04,12/31/2021,32819 Park Meadow Park,Credit Card,Shipped
577,260,42,25,565.32,1957.4,10/9/2020,92 Luster Drive,Cash,Pending
578,470,65,96,39.34,2966.42,10/23/2021,5 Huxley Court,Credit Card,Pending
579,392,90,8,502.87,3581.59,5/29/2020,1445 Hanson Park,Credit Card,Pending
580,491,80,74,133.62,4379.29,6/21/2020,308 Johnson Parkway,PayPal,Delivered
581,258,59,58,320.36,3454.02,8/27/2020,42 Dwight Court,PayPal,Shipped
582,281,70,75,947.11,936.56,9/11/2021,75 Linden Street,PayPal,Shipped
583,246,47,99,389.29,68.32,4/7/2022,23437 Melby Circle,PayPal,Shipped
584,440,11,54,509.54,5329.51,11/9/2021,8555 Gulseth Court,Credit Card,Delivered
585,313,24,70,581.95,2639.22,12/19/2020,842 Rusk Circle,Credit Card,Pending
586,170,76,75,446.89,1936.91,12/9/2020,4 Roxbury Alley,Cash,Delivered
587,20,50,27,347.99,4897.26,5/12/2022,93645 Sullivan Drive,Credit Card,Delivered
588,259,68,35,830.19,5132.6,10/7/2022,69908 Macpherson Plaza,PayPal,Shipped
589,433,68,71,816.56,9476.57,4/14/2020,2 Anzinger Avenue,PayPal,Shipped
590,424,38,15,627.93,1776.9,3/23/2020,358 Veith Parkway,PayPal,Shipped
591,486,95,30,387.72,4368.34,8/16/2021,34938 Montana Court,Cash,Delivered
592,362,14,76,996.52,768.3,1/9/2021,34 Sauthoff Crossing,PayPal,Shipped
593,381,84,33,177.23,8974.9,7/12/2021,6901 Hallows Hill,PayPal,Shipped
594,211,66,59,997.82,1363.03,8/7/2021,241 Dayton Crossing,Credit Card,Shipped
595,178,39,19,808.52,2634.84,9/16/2020,3315 Sundown Way,PayPal,Shipped
596,2,43,28,581.66,1778.13,8/1/2022,50741 Shoshone Street,Cash,Shipped
597,298,94,48,848.2,5565.36,8/24/2020,6 Dapin Park,PayPal,Pending
598,230,28,27,668.07,1938.52,10/9/2022,34 Mallard Parkway,PayPal,Delivered
599,469,45,74,603.75,2219.67,7/1/2022,3 Fulton Circle,PayPal,Pending
600,494,28,2,123.79,7492.0,12/2/2021,8055 Warrior Crossing,PayPal,Delivered
601,356,25,41,518.52,5299.68,4/12/2022,03999 Steensland Parkway,Credit Card,Delivered
602,258,68,72,835.69,94.53,7/19/2020,57786 Arizona Point,PayPal,Delivered
603,381,44,23,13.0,6138.53,4/30/2020,07 Blue Bill Park Plaza,PayPal,Delivered
604,372,31,18,23.58,4518.58,10/6/2020,6109 Kenwood Parkway,Cash,Shipped
605,153,95,31,283.05,719.45,4/4/2022,8135 Park Meadow Plaza,Cash,Pending
606,171,94,65,98.98,577.78,7/6/2020,4680 Stephen Junction,Credit Card,Shipped
607,347,75,47,95.05,5481.76,3/3/2020,48710 Marcy Park,PayPal,Shipped
608,310,81,53,812.75,9203.4,8/14/2022,97608 Namekagon Plaza,Cash,Pending
609,389,72,50,170.92,3270.89,1/2/2020,2835 Morrow Alley,Cash,Pending
610,361,40,60,105.76,1012.44,5/5/2022,08 Jackson Drive,PayPal,Shipped
611,135,13,64,97.1,6113.15,8/15/2021,65757 Bluestem Crossing,Credit Card,Delivered
612,205,59,28,121.61,7446.92,12/12/2020,17328 Elmside Road,Credit Card,Delivered
613,452,20,84,600.48,9935.19,2/26/2020,79764 Northwestern Terrace,PayPal,Shipped
614,447,71,16,297.14,4092.64,2/15/2021,98 Melody Avenue,PayPal,Shipped
615,20,62,48,160.88,1195.61,7/10/2020,4482 New Castle Avenue,Credit Card,Delivered
616,448,39,68,696.83,6573.49,10/11/2021,7014 Fairview Junction,Cash,Shipped
617,426,42,15,806.8,6196.41,6/13/2022,5184 Service Park,Cash,Delivered
618,375,21,58,7.15,203.92,1/2/2021,7 Vera Way,Cash,Shipped
619,315,98,47,913.46,3592.03,7/6/2021,58449 Village Trail,PayPal,Pending
620,190,31,63,926.45,6582.46,11/14/2022,88153 Upham Crossing,Credit Card,Shipped
621,190,58,88,156.64,313.33,8/18/2021,269 Warbler Court,Cash,Shipped
622,316,4,71,343.31,7205.81,6/22/2022,3369 Commercial Avenue,PayPal,Pending
623,227,80,48,357.64,4963.79,2/9/2020,1 Maple Plaza,Credit Card,Shipped
624,264,76,39,198.29,6043.36,9/14/2021,4718 Butterfield Crossing,Credit Card,Shipped
625,483,69,42,511.44,2976.71,12/14/2020,5367 Little Fleur Center,Cash,Pending
626,379,66,53,867.92,7477.15,4/25/2021,1 Lakeland Junction,PayPal,Pending
627,344,37,82,779.52,6554.32,8/24/2020,4 Anthes Place,PayPal,Delivered
628,489,6,87,322.35,4384.12,4/24/2020,3952 Bay Way,Credit Card,Pending
629,194,7,68,457.45,9423.9,7/28/2022,169 Fieldstone Pass,Credit Card,Shipped
630,376,16,34,620.17,7352.23,7/11/2021,436 Maywood Junction,PayPal,Shipped
631,218,72,27,201.18,881.33,9/28/2022,5393 Manley Point,PayPal,Shipped
632,417,66,27,754.96,4137.34,6/2/2021,8597 Scoville Plaza,Cash,Shipped
633,270,7,61,189.05,1211.93,5/16/2021,495 Anniversary Way,Cash,Pending
634,439,19,22,865.86,5184.52,3/15/2022,935 Holmberg Drive,Credit Card,Delivered
635,447,13,69,690.76,2490.36,12/15/2020,46476 Melvin Plaza,Cash,Pending
636,335,67,72,363.78,8399.81,4/2/2020,38 Harper Hill,Cash,Pending
637,495,77,52,267.55,307.52,7/1/2022,5 Victoria Plaza,Credit Card,Delivered
638,134,71,15,202.21,8741.34,9/11/2021,3 East Parkway,Cash,Pending
639,358,76,31,888.75,277.82,5/7/2022,019 Hanover Way,Cash,Delivered
640,154,17,37,341.65,7679.71,2/17/2022,80137 Graceland Park,Cash,Delivered
641,61,42,32,211.88,7372.25,3/10/2021,3791 Londonderry Hill,PayPal,Pending
642,484,1,40,901.85,2983.33,9/6/2020,0 3rd Court,Cash,Delivered
643,371,69,70,76.21,6821.4,6/7/2021,246 Valley Edge Lane,Credit Card,Delivered
644,184,76,18,182.4,1258.02,11/25/2022,76848 Declaration Place,Cash,Delivered
645,113,50,79,630.04,6803.58,2/14/2021,07402 Bonner Road,Credit Card,Shipped
646,429,59,4,501.69,7802.98,2/22/2020,06 Farwell Park,Cash,Shipped
647,453,91,71,655.68,1214.13,9/9/2020,3884 Jenifer Crossing,Cash,Shipped
648,81,13,50,513.61,7228.08,11/18/2021,3 Pine View Avenue,Cash,Pending
649,358,36,90,909.21,8927.81,5/25/2021,67668 Mendota Avenue,Credit Card,Shipped
650,373,20,3,385.75,7982.58,8/26/2022,0085 Schlimgen Alley,Credit Card,Pending
651,151,56,98,912.2,3057.24,6/2/2021,6944 Coolidge Parkway,Credit Card,Pending
652,216,41,89,594.09,397.96,2/5/2021,69210 Forest Run Terrace,Credit Card,Delivered
653,107,22,29,583.19,8665.94,3/27/2020,2219 Schiller Hill,PayPal,Shipped
654,294,96,74,450.18,5694.19,2/4/2020,98 Portage Park,PayPal,Delivered
655,297,61,29,787.92,3562.01,12/5/2021,3093 Forster Place,Cash,Shipped
656,208,1,48,360.59,4152.09,10/20/2021,036 Pleasure Parkway,Credit Card,Delivered
657,305,27,95,989.88,5478.66,3/19/2022,64 Melrose Street,PayPal,Shipped
658,370,23,25,330.62,6218.3,8/10/2022,058 Merry Junction,PayPal,Pending
659,210,16,17,482.15,4959.3,4/27/2020,8493 Mosinee Park,Cash,Pending
660,180,40,8,827.42,2321.1,6/8/2020,04 Welch Crossing,PayPal,Pending
661,60,62,19,551.96,7147.61,6/8/2020,8 Thackeray Park,Cash,Delivered
662,220,46,68,705.64,8284.32,6/21/2020,23 Tony Pass,Credit Card,Shipped
663,423,53,3,859.51,3496.01,6/1/2022,7378 Sugar Parkway,Credit Card,Shipped
664,438,61,99,263.76,1317.1,10/10/2021,245 Luster Crossing,Cash,Delivered
665,45,98,34,342.19,2680.18,1/10/2022,4 Springview Junction,Credit Card,Delivered
666,220,98,16,500.83,1636.78,8/28/2020,248 Namekagon Park,PayPal,Pending
667,160,54,94,919.21,269.84,5/1/2021,676 Homewood Trail,Credit Card,Delivered
668,280,100,100,146.62,2649.26,7/7/2020,59317 Petterle Lane,PayPal,Delivered
669,383,33,21,990.82,5039.46,5/12/2021,92 Annamark Parkway,Cash,Pending
670,370,4,62,594.77,6618.38,12/11/2022,64567 Fieldstone Road,Credit Card,Shipped
671,347,25,44,162.11,7586.16,8/3/2022,9 Bowman Point,Credit Card,Delivered
672,23,69,48,662.34,1770.62,8/12/2021,379 Canary Plaza,Credit Card,Pending
673,54,53,15,911.0,8688.68,9/6/2022,65 Stuart Pass,Cash,Pending
674,443,15,89,305.55,2987.7,4/5/2020,53 Pierstorff Trail,Credit Card,Delivered
675,35,75,100,1.87,4356.91,6/6/2022,66 Sunnyside Plaza,Credit Card,Pending
676,340,63,43,906.08,5591.45,8/13/2020,076 Aberg Court,Credit Card,Pending
677,134,29,59,316.76,1347.21,11/5/2020,9473 Katie Lane,Cash,Shipped
678,255,46,14,862.75,1894.44,12/31/2020,3 Badeau Circle,PayPal,Shipped
679,444,26,29,268.55,6178.31,4/4/2020,73097 Dottie Place,Cash,Shipped
680,500,62,67,5.82,1104.94,3/18/2021,7379 Arrowood Parkway,Cash,Shipped
681,176,74,9,292.83,312.51,11/27/2022,29610 Schurz Terrace,PayPal,Shipped
682,161,49,31,347.99,3044.35,11/21/2021,14569 Pine View Point,Cash,Pending
683,131,52,24,94.09,5278.99,11/25/2021,3199 Steensland Drive,PayPal,Delivered
684,282,38,89,534.68,9267.48,1/24/2021,21469 Schurz Pass,Cash,Delivered
685,484,9,68,817.82,1341.97,11/14/2020,9 Trailsway Crossing,PayPal,Pending
686,116,54,17,564.4,6399.98,7/3/2021,84147 Birchwood Junction,PayPal,Delivered
687,181,2,18,122.62,303.37,12/12/2020,617 Steensland Point,Credit Card,Delivered
688,41,8,93,447.19,9473.41,8/4/2022,6 Gale Point,PayPal,Delivered
689,23,100,69,712.07,2625.71,12/15/2020,653 Bultman Point,Cash,Shipped
690,163,43,20,60.51,4069.53,1/30/2021,871 Service Terrace,Cash,Delivered
691,180,24,84,601.67,161.52,12/31/2020,4677 Forest Dale Terrace,PayPal,Pending
692,162,56,84,388.69,4189.91,3/11/2020,9 Mcguire Circle,Cash,Shipped
693,4,81,50,929.03,128.83,6/19/2021,979 Mayer Drive,PayPal,Shipped
694,278,53,68,814.16,4022.12,1/28/2022,9414 Fieldstone Road,Credit Card,Shipped
695,264,53,19,738.15,3581.35,2/29/2020,01 Hintze Crossing,Credit Card,Delivered
696,284,48,22,60.45,9607.93,5/27/2021,0 Orin Drive,Cash,Shipped
697,202,63,87,432.96,4499.74,7/16/2020,7 Prairie Rose Road,PayPal,Pending
698,182,35,41,163.24,3577.73,11/13/2020,5084 Dapin Way,Credit Card,Shipped
699,278,54,23,957.19,6603.26,9/12/2020,17648 Upham Point,Credit Card,Shipped
700,368,88,37,713.5,1688.59,4/25/2022,1 New Castle Pass,Cash,Delivered
701,227,89,84,427.86,4835.42,9/22/2022,91451 Atwood Lane,Cash,Shipped
702,397,74,40,284.03,1456.24,8/12/2020,0 8th Avenue,PayPal,Shipped
703,2,3,16,690.5,6406.85,1/30/2020,2694 Mayfield Street,PayPal,Pending
704,407,79,93,269.53,8717.01,3/16/2022,6 Melody Place,Credit Card,Pending
705,10,36,37,648.95,3355.84,12/25/2021,55 Northwestern Center,Credit Card,Shipped
706,155,79,3,290.3,3553.17,6/15/2021,84578 Cherokee Avenue,PayPal,Shipped
707,366,79,91,898.89,8177.36,3/31/2020,30 Oxford Junction,PayPal,Pending
708,496,55,8,800.53,3227.53,3/7/2022,79984 Ryan Place,PayPal,Shipped
709,43,73,19,746.69,7411.33,9/11/2022,91383 Holmberg Street,Credit Card,Pending
710,498,57,86,617.14,1941.95,11/7/2020,185 Clemons Court,PayPal,Pending
711,485,41,82,549.41,4165.12,5/19/2021,9 Fordem Alley,Credit Card,Pending
712,460,90,9,348.6,7991.16,3/6/2021,07126 1st Place,Credit Card,Pending
713,280,92,73,251.79,9141.35,7/15/2021,00798 Arkansas Park,PayPal,Pending
714,454,10,20,671.16,4641.5,8/23/2021,743 Burning Wood Junction,PayPal,Shipped
715,110,12,28,610.99,9510.11,8/16/2021,8 Drewry Circle,Cash,Shipped
716,291,71,84,725.8,3758.67,9/27/2021,60097 Dayton Center,Credit Card,Delivered
717,253,64,77,292.19,5960.05,9/13/2021,3731 Dixon Point,Credit Card,Delivered
718,457,22,80,300.01,2376.72,9/28/2022,43808 Eliot Way,Cash,Shipped
719,37,83,77,176.88,8444.17,6/20/2022,90487 Manitowish Road,PayPal,Delivered
720,103,61,52,398.16,3811.99,7/1/2020,92 Meadow Valley Court,Cash,Shipped
721,208,52,15,237.4,8758.43,12/29/2020,5192 Southridge Junction,Credit Card,Delivered
722,207,89,51,528.74,1888.97,9/16/2021,14 Memorial Drive,PayPal,Pending
723,436,36,11,630.82,3911.02,10/1/2020,7 Sachtjen Court,Cash,Shipped
724,311,45,66,95.62,3035.64,7/28/2022,1869 Riverside Crossing,PayPal,Shipped
725,211,33,6,387.62,6155.22,10/28/2022,133 Bayside Hill,Cash,Delivered
726,304,87,56,365.2,1719.3,9/25/2020,07 Valley Edge Trail,Cash,Delivered
727,296,21,68,462.99,4555.83,1/2/2021,71563 Sommers Plaza,Cash,Delivered
728,414,23,83,158.33,2599.22,12/30/2022,81933 Butterfield Crossing,PayPal,Pending
729,69,98,67,437.03,7479.87,12/28/2022,21 Memorial Junction,PayPal,Shipped
730,88,36,55,751.01,6895.03,6/19/2022,846 Brown Junction,Cash,Pending
731,418,50,42,869.78,2478.83,11/16/2020,151 Express Circle,PayPal,Pending
732,180,30,67,478.65,9072.89,3/26/2021,78550 Mayer Court,Credit Card,Delivered
733,291,49,19,840.1,3535.33,10/15/2020,39709 Memorial Avenue,Cash,Pending
734,4,62,93,810.27,7915.77,6/15/2021,81 Mifflin Street,Credit Card,Pending
735,349,23,48,854.18,2320.89,12/20/2021,951 Superior Crossing,Cash,Delivered
736,69,70,67,41.53,6134.3,2/13/2021,13246 Norway Maple Park,PayPal,Pending
737,179,76,14,178.19,7182.74,9/24/2021,65 Maywood Plaza,PayPal,Pending
738,423,54,60,287.42,3801.34,7/22/2022,9822 Walton Circle,Cash,Pending
739,31,96,27,349.36,931.83,2/14/2021,7 Tennessee Park,PayPal,Shipped
740,471,20,1,943.49,3861.01,5/25/2022,9075 Victoria Avenue,Cash,Delivered
741,249,68,54,454.78,8814.84,3/17/2022,1422 Lakeland Terrace,PayPal,Shipped
742,290,49,94,833.49,7523.56,3/29/2021,62263 Hoepker Alley,PayPal,Pending
743,351,100,38,453.3,7692.74,5/14/2020,3266 Main Way,PayPal,Shipped
744,74,72,69,226.05,6506.35,9/4/2022,5493 Delladonna Lane,PayPal,Pending
745,424,59,4,440.38,1731.56,12/16/2021,71706 Doe Crossing Trail,Credit Card,Pending
746,130,37,25,311.43,738.24,6/3/2021,939 Weeping Birch Way,PayPal,Shipped
747,71,18,89,175.81,7206.48,1/26/2021,66 Grasskamp Hill,Cash,Pending
748,188,53,32,502.22,5488.77,7/15/2022,8 Monica Way,PayPal,Pending
749,24,32,40,593.31,5709.34,11/8/2022,2 Comanche Place,Credit Card,Shipped
750,316,73,8,343.79,934.0,5/1/2022,1 Dakota Junction,PayPal,Delivered
751,40,44,44,785.81,4746.85,7/26/2020,6200 Dorton Drive,Cash,Delivered
752,139,90,41,298.58,8781.94,6/24/2022,6 Annamark Lane,Credit Card,Delivered
753,292,68,92,156.29,4632.33,12/1/2020,82 Tony Terrace,Cash,Shipped
754,295,58,73,938.66,3113.2,3/18/2020,9462 Shasta Road,PayPal,Pending
755,456,43,35,984.65,3055.2,6/1/2020,6607 Hanover Point,Cash,Pending
756,141,70,17,509.73,8368.2,2/13/2022,367 Springview Alley,Credit Card,Pending
757,101,46,50,171.51,2660.24,10/17/2022,039 Schlimgen Road,Cash,Pending
758,234,37,81,90.98,8356.54,3/16/2020,3 Eastwood Pass,Credit Card,Shipped
759,17,98,33,51.77,9183.88,7/8/2021,2135 Elka Junction,PayPal,Shipped
760,204,23,83,144.34,2200.91,1/31/2020,95 Hoepker Junction,PayPal,Delivered
761,370,60,78,807.47,805.44,6/19/2020,983 Ridge Oak Avenue,Cash,Shipped
762,72,9,91,871.33,5713.96,2/19/2022,995 Almo Avenue,PayPal,Shipped
763,21,30,64,987.95,3571.35,2/13/2020,9180 Mallard Crossing,PayPal,Delivered
764,173,8,47,143.79,959.08,12/19/2020,3 Spaight Crossing,Cash,Shipped
765,78,45,40,302.72,5599.03,2/28/2021,8 Carpenter Junction,Cash,Shipped
766,350,78,12,835.22,6867.0,11/24/2022,70 Karstens Terrace,PayPal,Shipped
767,94,16,83,328.43,577.79,9/8/2022,62481 Spohn Junction,Credit Card,Pending
768,385,22,54,84.18,3417.88,9/2/2021,24627 Jenna Avenue,Cash,Delivered
769,74,46,43,283.61,3316.26,10/22/2022,1 Farragut Junction,Cash,Shipped
770,212,78,90,599.66,3409.05,6/24/2020,51 Declaration Street,PayPal,Pending
771,243,49,90,280.48,7595.63,9/27/2020,984 Sauthoff Court,Cash,Pending
772,162,75,15,562.68,593.62,5/29/2021,430 Upham Way,Cash,Pending
773,92,42,93,10.95,9331.62,7/23/2020,28552 Schmedeman Terrace,Credit Card,Shipped
774,365,92,2,300.7,97.08,10/13/2022,2 Vermont Trail,Credit Card,Delivered
775,123,18,36,397.8,2291.46,12/13/2020,1577 Susan Drive,Credit Card,Shipped
776,23,67,99,80.22,9374.02,6/11/2022,41547 North Alley,Credit Card,Delivered
777,84,93,94,677.56,7538.66,7/30/2021,515 Hooker Trail,Credit Card,Shipped
778,311,18,15,974.1,5032.06,2/7/2020,7490 Blackbird Lane,PayPal,Pending
779,340,51,59,334.76,6864.5,12/16/2020,60 Surrey Crossing,Cash,Shipped
780,462,4,2,194.66,3877.49,10/4/2022,4454 Park Meadow Street,Cash,Shipped
781,208,14,70,663.87,1459.25,1/17/2021,90422 Weeping Birch Place,PayPal,Delivered
782,223,55,30,290.49,7417.49,9/23/2021,65 Beilfuss Place,Credit Card,Delivered
783,339,49,47,71.17,2146.39,1/20/2021,33 Pleasure Pass,PayPal,Pending
784,291,33,11,993.18,4562.64,5/9/2020,94 Harbort Crossing,Credit Card,Pending
785,178,59,3,219.01,9307.16,12/26/2021,3141 Portage Junction,Credit Card,Pending
786,35,55,76,450.86,7628.01,8/30/2020,2632 Gulseth Hill,PayPal,Delivered
787,61,35,15,905.92,665.57,7/14/2022,95762 Brickson Park Hill,Credit Card,Shipped
788,207,7,84,805.88,3882.96,4/19/2022,67903 Kenwood Place,Credit Card,Pending
789,251,96,46,521.26,3116.83,12/29/2020,4 Loftsgordon Avenue,PayPal,Pending
790,173,11,41,439.24,4450.89,12/12/2022,18190 Pleasure Trail,Cash,Pending
791,298,26,10,816.21,875.98,7/8/2021,1 Esker Point,Cash,Pending
792,316,16,64,192.4,3154.23,12/29/2020,9059 4th Court,PayPal,Pending
793,372,98,13,262.02,958.94,4/28/2021,08 Kipling Place,Cash,Pending
794,354,44,68,528.4,4154.75,1/26/2022,84618 Sachtjen Street,Credit Card,Delivered
795,474,13,32,710.9,582.92,1/21/2020,88 Leroy Plaza,Cash,Pending
796,204,99,85,60.16,7230.21,10/19/2022,643 East Point,Cash,Delivered
797,76,4,51,16.11,554.11,9/29/2020,5 Porter Crossing,Cash,Pending
798,8,70,89,143.96,3978.48,2/26/2020,9 Charing Cross Junction,Credit Card,Shipped
799,273,78,70,769.08,7941.69,4/9/2020,57 Farmco Hill,Credit Card,Shipped
800,3,8,99,789.53,7919.57,5/2/2020,801 Grasskamp Road,Credit Card,Delivered
801,146,37,42,73.46,3426.79,10/20/2020,97033 Colorado Road,PayPal,Pending
802,329,63,2,622.92,4697.12,9/12/2022,001 Autumn Leaf Lane,Credit Card,Delivered
803,61,17,64,588.12,3507.64,4/11/2021,4 Comanche Parkway,PayPal,Delivered
804,71,55,50,595.37,2592.56,7/7/2022,70258 Mifflin Circle,Cash,Pending
805,141,30,4,321.4,3207.93,9/6/2021,811 Jana Point,PayPal,Delivered
806,235,74,41,943.03,3443.05,4/18/2020,73342 Bluestem Park,PayPal,Pending
807,385,59,70,910.1,924.29,9/28/2020,638 Brentwood Pass,Credit Card,Delivered
808,7,72,34,702.56,5413.94,4/2/2021,08196 Artisan Road,Credit Card,Delivered
809,78,82,74,476.29,8546.0,5/27/2020,8 La Follette Court,PayPal,Delivered
810,479,64,10,901.08,118.13,11/17/2021,3516 Fuller Junction,PayPal,Pending
811,401,3,52,410.72,1695.38,1/6/2021,71144 Chive Place,Credit Card,Pending
812,421,43,25,496.7,1157.25,6/22/2021,7654 Nobel Center,Cash,Delivered
813,434,69,25,645.68,6369.94,10/16/2020,88122 Trailsway Park,Cash,Shipped
814,353,83,9,2.82,7644.7,7/19/2022,04915 Barby Avenue,Credit Card,Shipped
815,103,51,67,124.83,5435.41,4/23/2020,754 Ilene Center,PayPal,Shipped
816,467,42,88,965.6,8754.75,3/8/2020,39 Upham Street,Credit Card,Shipped
817,383,25,24,717.83,8706.0,8/30/2021,0 Golf View Parkway,Credit Card,Pending
818,322,2,13,941.97,8469.55,9/30/2022,4 Scofield Circle,Cash,Shipped
819,175,89,58,419.1,1938.57,1/30/2020,128 Columbus Street,PayPal,Pending
820,34,14,79,622.58,8869.41,2/10/2021,46948 Del Mar Point,PayPal,Pending
821,410,24,4,655.33,1127.76,9/22/2022,7354 Little Fleur Place,PayPal,Delivered
822,394,68,34,262.21,2163.45,1/23/2021,39128 Hermina Way,Credit Card,Shipped
823,494,48,40,32.14,9077.27,4/16/2020,69 Dennis Circle,PayPal,Shipped
824,411,20,58,513.63,7100.84,2/3/2020,45 Northport Junction,PayPal,Pending
825,185,47,26,122.81,77.78,1/31/2022,25 Scott Center,PayPal,Shipped
826,32,68,81,905.19,5740.41,8/12/2022,30 Merry Junction,Credit Card,Shipped
827,358,56,1,299.88,3564.24,8/29/2021,6285 John Wall Lane,Credit Card,Delivered
828,81,12,28,344.74,453.37,2/14/2021,178 Oneill Way,Credit Card,Shipped
829,463,58,34,445.35,3590.7,6/2/2020,09 Golden Leaf Terrace,Cash,Delivered
830,333,38,65,295.75,3915.63,7/2/2021,27231 Monument Plaza,Credit Card,Shipped
831,116,84,37,347.13,1355.55,11/18/2022,497 Rutledge Drive,PayPal,Delivered
832,280,71,1,359.3,4075.97,11/1/2021,9410 Oxford Drive,Cash,Delivered
833,89,53,89,129.62,7897.31,12/14/2022,83214 Westridge Alley,PayPal,Pending
834,7,32,25,633.28,7163.97,10/10/2022,59190 International Alley,PayPal,Pending
835,328,71,46,688.77,4273.92,5/4/2022,2 Menomonie Avenue,PayPal,Pending
836,7,66,86,104.59,5428.68,2/3/2022,3708 Hayes Way,Credit Card,Shipped
837,149,73,54,118.45,4430.42,12/27/2022,91007 Annamark Street,Cash,Delivered
838,491,46,19,872.96,9295.4,6/4/2021,37 Dennis Plaza,Credit Card,Shipped
839,207,50,12,857.55,2208.98,7/22/2020,468 3rd Avenue,Cash,Delivered
840,468,66,56,247.97,106.19,5/6/2020,08391 Rieder Lane,Credit Card,Shipped
841,392,71,56,627.62,5089.43,12/11/2022,604 Norway Maple Road,Credit Card,Shipped
842,466,37,7,591.78,7583.14,7/31/2020,4844 Amoth Center,PayPal,Pending
843,42,50,78,153.66,5077.78,7/2/2021,0 7th Way,PayPal,Shipped
844,365,1,67,93.96,1692.23,11/6/2022,2 Blaine Alley,Credit Card,Shipped
845,156,32,18,832.65,3622.36,12/1/2021,47 Marquette Crossing,Credit Card,Shipped
846,191,76,60,215.3,3192.22,10/14/2021,13258 Sullivan Center,Credit Card,Delivered
847,11,71,76,499.68,4473.79,4/6/2022,06 Spenser Plaza,Cash,Shipped
848,261,23,71,335.48,3433.14,5/25/2021,91 Bay Parkway,Credit Card,Shipped
849,298,20,20,283.64,2997.96,3/26/2021,90020 Hoffman Terrace,Credit Card,Shipped
850,81,51,28,157.91,5760.19,6/13/2021,23 Ramsey Way,Cash,Pending
851,270,16,2,861.37,5185.79,12/17/2022,93 Autumn Leaf Point,Cash,Shipped
852,49,64,99,438.65,3974.64,2/24/2020,2 Lawn Center,Credit Card,Shipped
853,186,78,27,721.55,392.97,7/6/2022,0927 Oxford Junction,Credit Card,Shipped
854,255,98,27,885.98,9630.48,1/4/2022,9179 Lighthouse Bay Way,Credit Card,Pending
855,389,56,22,810.14,1454.7,6/15/2022,87 Menomonie Crossing,PayPal,Shipped
856,377,1,41,613.89,9159.89,12/5/2020,627 Mallard Circle,PayPal,Shipped
857,121,7,30,950.0,160.45,1/29/2021,2892 Fordem Court,Cash,Delivered
858,1,90,80,799.89,9965.11,4/2/2020,662 Helena Road,PayPal,Delivered
859,357,90,41,672.7,367.62,6/9/2020,0453 Sommers Circle,Credit Card,Shipped
860,392,44,79,588.88,8892.48,10/2/2021,3 Johnson Terrace,Cash,Pending
861,6,78,45,800.09,5597.37,10/9/2021,41422 Coolidge Pass,Credit Card,Shipped
862,289,32,81,586.75,599.43,7/24/2020,7109 Corry Point,PayPal,Delivered
863,370,69,79,292.87,2155.6,10/14/2020,97 Ronald Regan Avenue,Cash,Shipped
864,90,9,95,995.95,3838.27,9/4/2022,4993 Monument Road,Credit Card,Pending
865,195,94,79,811.44,8226.4,6/25/2022,8232 5th Place,Credit Card,Pending
866,440,29,89,843.77,4160.06,8/22/2020,8 Vera Street,Cash,Delivered
867,168,53,71,828.05,3265.23,1/15/2021,9 Service Crossing,Credit Card,Delivered
868,173,42,97,215.44,1559.49,6/18/2021,892 Kenwood Plaza,PayPal,Delivered
869,319,38,27,243.3,647.01,6/29/2022,77087 Ramsey Center,Cash,Pending
870,459,24,13,158.61,6032.13,10/14/2022,3 Forster Point,Credit Card,Delivered
871,71,6,86,602.81,2517.54,9/28/2020,4 West Point,Credit Card,Pending
872,441,57,93,714.47,1967.78,10/16/2021,144 Vahlen Trail,Cash,Pending
873,50,11,20,779.95,3005.61,12/23/2021,51727 Mayer Lane,Cash,Shipped
874,447,66,68,112.37,4158.12,5/21/2020,7786 Westerfield Court,Cash,Shipped
875,366,80,67,42.44,8217.31,9/29/2022,9860 West Crossing,Cash,Delivered
876,30,83,76,835.79,3860.02,2/12/2021,86209 Mockingbird Trail,Credit Card,Delivered
877,489,79,50,391.23,1333.06,7/9/2021,3 Jenna Circle,PayPal,Shipped
878,204,96,52,867.47,8580.01,9/5/2021,6 Red Cloud Plaza,PayPal,Delivered
879,251,46,89,438.32,9985.53,3/7/2021,602 Green Ridge Plaza,Cash,Delivered
880,63,18,89,842.32,8646.55,6/24/2020,948 Logan Circle,Cash,Pending
881,477,84,20,245.36,8466.58,8/21/2020,22260 Arrowood Hill,Credit Card,Pending
882,29,24,41,703.03,1279.32,8/10/2021,777 Steensland Way,Credit Card,Shipped
883,278,20,75,55.4,471.01,4/27/2022,12169 Corscot Avenue,Credit Card,Pending
884,13,91,59,269.61,9921.57,7/27/2020,55 Pierstorff Drive,Credit Card,Pending
885,425,55,33,873.01,8181.5,6/25/2021,1 Eagan Pass,Cash,Shipped
886,395,82,50,197.38,613.98,6/12/2020,12 Texas Park,Credit Card,Delivered
887,453,66,12,394.73,3897.37,2/10/2021,35430 Moland Crossing,Credit Card,Shipped
888,69,33,80,798.27,1459.94,7/18/2021,150 Donald Road,PayPal,Shipped
889,124,82,40,296.89,8577.01,10/9/2021,48684 Main Place,PayPal,Shipped
890,457,12,28,910.58,306.67,12/23/2021,3552 Aberg Park,Credit Card,Delivered
891,82,69,69,165.72,7401.14,6/4/2022,554 Scott Parkway,PayPal,Delivered
892,498,58,3,75.72,1941.56,9/30/2022,15645 2nd Way,Credit Card,Shipped
893,114,78,76,658.46,4444.55,5/11/2021,4884 Thierer Junction,PayPal,Shipped
894,426,36,6,368.24,6853.53,6/13/2022,017 Holy Cross Way,Credit Card,Shipped
895,266,52,40,60.83,6722.46,12/13/2021,939 Amoth Trail,Credit Card,Pending
896,246,72,62,519.13,7433.74,1/4/2021,8 Claremont Pass,PayPal,Pending
897,262,93,45,457.91,3684.92,8/24/2021,19 Mifflin Avenue,Credit Card,Delivered
898,250,63,39,966.51,314.59,7/8/2020,87 Pond Hill,PayPal,Pending
899,315,99,22,425.25,1438.04,3/13/2020,56 Wayridge Circle,PayPal,Delivered
900,333,2,48,176.93,5941.1,11/1/2021,721 Lindbergh Place,PayPal,Shipped
901,215,25,53,374.72,9012.44,1/27/2021,70 Lotheville Junction,PayPal,Delivered
902,450,69,88,583.36,2085.85,7/3/2022,89835 7th Center,PayPal,Delivered
903,459,21,69,309.32,3535.0,12/31/2020,4502 Graceland Trail,Cash,Pending
904,39,29,1,13.93,2146.26,8/22/2021,83503 Maryland Lane,PayPal,Delivered
905,112,28,66,15.06,4112.93,7/17/2020,6713 Vermont Street,Cash,Delivered
906,377,26,44,820.77,4175.64,10/16/2020,9 Mcguire Park,Cash,Delivered
907,192,49,10,423.79,2897.02,3/2/2021,669 Hollow Ridge Drive,Credit Card,Delivered
908,468,84,3,610.67,211.1,3/8/2020,5 Raven Crossing,PayPal,Shipped
909,150,81,98,176.07,102.47,3/29/2022,769 Hanson Park,Cash,Pending
910,263,9,45,859.21,4487.51,3/17/2021,5449 Main Parkway,PayPal,Shipped
911,366,46,70,101.7,9594.69,11/15/2022,5 Aberg Point,PayPal,Delivered
912,42,54,43,508.35,5060.43,8/23/2021,23 Anthes Circle,Credit Card,Delivered
913,157,32,59,551.92,3225.19,9/25/2020,93 Lakeland Drive,Cash,Shipped
914,257,42,49,858.87,6377.12,10/19/2021,8015 Superior Plaza,PayPal,Pending
915,339,51,24,338.08,5730.75,2/24/2022,9 Granby Lane,Cash,Pending
916,217,6,10,829.24,910.19,4/27/2020,890 Raven Circle,Credit Card,Shipped
917,145,47,73,584.36,4774.27,3/18/2021,45 La Follette Lane,PayPal,Shipped
918,264,35,28,742.4,1533.15,2/29/2020,74 Logan Road,PayPal,Pending
919,320,79,17,771.37,7810.63,10/8/2022,1866 Hoffman Trail,Credit Card,Pending
920,422,25,61,427.33,5031.09,1/23/2020,9811 Delladonna Court,Cash,Shipped
921,253,75,45,469.63,5455.64,3/7/2020,256 Schlimgen Place,PayPal,Pending
922,89,39,80,472.39,8642.41,2/2/2021,18 New Castle Parkway,Cash,Pending
923,130,74,34,198.62,8396.68,12/14/2022,07 Gateway Junction,PayPal,Shipped
924,446,54,87,715.33,9598.35,5/16/2022,1502 Kedzie Lane,Cash,Delivered
925,286,63,3,558.32,9398.76,3/16/2021,78731 Butternut Plaza,Cash,Pending
926,305,76,37,895.8,6685.3,4/21/2021,83497 Browning Street,PayPal,Shipped
927,104,7,6,126.54,964.94,3/6/2022,28 Kensington Drive,PayPal,Delivered
928,500,5,75,679.21,7259.51,11/24/2020,3 Parkside Avenue,PayPal,Delivered
929,488,72,76,572.18,2820.68,12/5/2022,6089 Reindahl Pass,Credit Card,Shipped
930,75,18,48,12.43,121.68,4/10/2021,533 Darwin Street,Credit Card,Pending
931,240,88,100,834.68,8890.07,1/31/2021,2 Pennsylvania Lane,Cash,Shipped
932,23,43,15,364.99,6003.15,11/10/2021,1250 2nd Park,Cash,Pending
933,206,57,56,886.71,5853.09,3/31/2022,87 Morningstar Avenue,Credit Card,Delivered
934,339,21,46,614.24,124.43,3/21/2021,13 Dahle Avenue,Credit Card,Delivered
935,87,16,73,988.5,8494.73,12/25/2020,96674 John Wall Pass,Cash,Delivered
936,412,4,65,954.09,6835.22,12/22/2020,83 Iowa Road,PayPal,Shipped
937,249,20,24,501.44,3640.72,12/5/2020,76 Bonner Trail,PayPal,Delivered
938,24,33,55,27.03,2602.05,3/7/2022,81 Del Sol Circle,PayPal,Delivered
939,214,10,4,224.46,4787.43,3/14/2021,9643 Derek Junction,Cash,Pending
940,215,10,26,32.22,2227.23,12/30/2020,9915 Arrowood Plaza,Cash,Delivered
941,98,53,1,745.66,480.86,6/21/2020,13 Hudson Plaza,Cash,Shipped
942,58,45,69,512.35,2977.3,2/24/2022,6229 Texas Drive,Cash,Delivered
943,382,79,2,893.26,2677.11,4/5/2020,56750 Westend Plaza,Cash,Delivered
944,184,65,12,166.57,6966.22,7/12/2021,9 Emmet Hill,Cash,Delivered
945,117,2,32,918.25,5362.57,3/19/2022,588 Manitowish Drive,PayPal,Delivered
946,71,96,12,242.96,3345.76,9/3/2021,3 Corry Circle,Cash,Delivered
947,343,90,66,719.0,9040.92,9/15/2022,5329 Hoard Plaza,Cash,Shipped
948,269,30,32,211.55,3904.48,1/23/2021,90090 Vidon Street,PayPal,Pending
949,36,65,13,789.17,2970.02,10/6/2022,74 Glacier Hill Park,Credit Card,Delivered
950,234,10,48,235.99,7750.71,5/15/2022,502 Jackson Road,Credit Card,Pending
951,225,42,22,996.84,2743.8,7/20/2020,16710 Del Mar Street,Credit Card,Delivered
952,331,40,63,783.92,1485.54,6/17/2021,6528 Annamark Junction,Credit Card,Delivered
953,40,38,84,186.79,3088.19,6/28/2021,8268 Northwestern Hill,Cash,Pending
954,434,5,18,227.9,3240.65,11/22/2020,4420 Warner Terrace,PayPal,Pending
955,83,76,84,965.62,9641.68,9/12/2021,512 Erie Hill,Credit Card,Shipped
956,330,93,12,452.2,4254.33,7/30/2020,82874 Moose Trail,Credit Card,Delivered
957,304,96,73,921.67,10.77,9/9/2022,780 Oxford Street,Cash,Shipped
958,408,30,70,134.22,5921.46,8/24/2022,98 Del Mar Place,Cash,Pending
959,450,17,62,900.48,3641.24,3/18/2020,4412 Florence Drive,Credit Card,Pending
960,489,7,66,633.74,7654.84,6/10/2022,951 Lindbergh Point,Cash,Pending
961,429,24,38,320.02,1992.62,3/11/2020,16454 Starling Plaza,Cash,Pending
962,431,47,87,117.67,5254.88,4/24/2020,7 Gateway Street,PayPal,Shipped
963,272,3,65,565.85,6625.13,11/28/2020,7329 American Ash Circle,Cash,Pending
964,270,95,57,372.87,4543.18,8/14/2020,2 Dwight Way,Cash,Delivered
965,475,67,66,148.48,5928.45,12/13/2022,6 Golden Leaf Point,Cash,Delivered
966,115,2,62,704.38,9060.74,12/8/2021,741 Melvin Pass,Cash,Delivered
967,95,55,65,594.74,7661.7,7/13/2021,6 Thierer Circle,Credit Card,Shipped
968,147,59,38,901.09,9293.22,5/6/2022,99182 Eliot Pass,Cash,Pending
969,314,63,39,152.69,1317.3,10/13/2021,87716 Del Sol Alley,Credit Card,Shipped
970,203,16,20,815.28,9140.95,5/12/2021,1826 Shoshone Road,PayPal,Shipped
971,288,84,88,755.12,8988.02,1/29/2021,928 6th Alley,Cash,Delivered
972,341,33,78,555.77,9957.38,10/6/2022,42 Pawling Terrace,Credit Card,Delivered
973,432,50,23,719.98,8931.36,12/6/2022,5 Eagan Court,Credit Card,Shipped
974,208,75,63,161.5,1237.36,12/29/2022,0 4th Park,PayPal,Delivered
975,30,65,66,470.23,6779.29,3/27/2022,0 Melody Crossing,Cash,Delivered
976,393,84,50,180.52,482.46,2/3/2020,315 Becker Drive,PayPal,Pending
977,103,34,45,790.68,3811.79,12/22/2020,97409 Fordem Point,Cash,Shipped
978,366,47,88,397.22,9317.34,8/22/2022,90 Warbler Lane,PayPal,Shipped
979,183,31,16,804.36,9895.66,3/28/2020,05 Sherman Plaza,Cash,Pending
980,187,78,68,802.08,4749.85,9/9/2021,8 Paget Alley,PayPal,Delivered
981,72,76,47,879.5,3934.62,5/8/2022,4 Oriole Alley,Credit Card,Delivered
982,496,27,15,8.96,9824.35,1/31/2021,2 Gale Junction,PayPal,Delivered
983,321,44,24,238.06,6491.74,3/30/2021,691 Harbort Crossing,Cash,Shipped
984,84,83,26,822.64,4139.49,9/11/2021,7278 Graedel Place,Cash,Shipped
985,274,28,99,249.12,161.55,8/31/2022,710 Del Mar Way,Credit Card,Delivered
986,34,84,1,168.6,5005.87,7/3/2020,8 Waxwing Terrace,PayPal,Shipped
987,335,71,18,283.79,802.09,2/27/2020,63 Jana Crossing,Cash,Delivered
988,217,89,92,969.03,4580.76,6/28/2020,3833 Everett Parkway,Cash,Delivered
989,340,22,30,704.17,1909.94,11/16/2022,11 Sullivan Place,PayPal,Delivered
990,350,42,44,4.87,5075.64,10/23/2020,055 Mayer Crossing,Cash,Shipped
991,494,42,56,996.69,45.9,6/30/2021,31148 Green Crossing,PayPal,Pending
992,298,78,89,986.63,7487.54,3/29/2020,49 Carpenter Crossing,Credit Card,Shipped
993,25,96,98,876.83,698.63,6/13/2022,818 Coolidge Junction,PayPal,Pending
994,325,41,72,565.18,2063.2,6/12/2022,93 Elmside Terrace,PayPal,Pending
995,237,29,79,973.32,3814.68,3/17/2021,07 Arizona Avenue,PayPal,Delivered
996,51,93,19,461.4,604.63,3/3/2022,97 6th Road,Credit Card,Shipped
997,368,3,52,157.5,351.05,4/30/2021,98537 Stoughton Parkway,PayPal,Pending
998,232,69,13,776.21,633.61,7/6/2021,883 Randy Plaza,PayPal,Delivered
999,6,32,88,606.11,1384.88,4/6/2022,545 Ryan Point,Credit Card,Shipped
1000,214,50,25,410.1,6871.19,9/5/2022,7 Cordelia Crossing,PayPal,Shipped
